,year,km,range,max_vel,zero_hundred,high_range,performance,four_wheel_drive,rear_wheel_drive,sell_type_Nuevo,sell_type_Ocasion,car_type_Model 3,car_type_Model S,car_type_Model X,car_type_Model Y,color_BLACK,color_BLUE,color_CHERRY,color_GREY,color_RED,color_SILVER,color_WHITE,country_france,country_italy,country_portugal,country_spain,predicted_price,real_price
536,2020,44.0,530.0,261.0,3.4,True,True,True,False,False,True,True,False,False,False,False,False,False,False,False,False,True,True,False,False,False,32114.428,32500.0
969,2025,4642.0,565.0,217.0,5.9,True,False,False,True,True,False,False,False,False,True,False,False,False,False,False,False,True,False,False,False,True,44335.777,43970.0
627,2024,815.0,528.0,262.0,3.1,False,True,True,False,True,False,True,False,False,False,False,True,False,False,False,False,False,False,True,False,False,52500.188,57285.0
219,2024,0.0,629.0,201.0,4.4,True,False,False,False,True,False,True,False,False,False,False,False,False,False,True,False,False,False,False,True,False,54679.78,52715.0
1144,2025,0.0,513.0,201.0,6.1,False,False,False,True,True,False,True,False,False,False,False,False,False,False,False,True,False,False,False,True,False,43297.26,44675.0
1582,2018,91.0,565.0,249.0,4.9,True,False,False,False,False,True,False,False,True,False,False,False,False,True,False,False,False,True,False,False,False,44198.992,43000.0
37,2024,0.0,528.0,262.0,3.1,False,True,True,False,True,False,True,False,False,False,False,True,False,False,False,False,False,False,False,False,True,59204.93,59770.0
1823,2020,54.0,487.0,261.0,2.8,False,True,False,False,False,True,False,False,True,False,False,False,False,True,False,False,False,False,True,False,False,61854.105,60600.0
1572,2023,28.0,547.0,261.0,3.3,False,True,False,False,False,True,True,False,False,False,False,False,False,True,False,False,False,True,False,False,False,45037.324,42200.0
686,2024,0.0,533.0,217.0,5.0,True,False,True,False,True,False,False,False,False,True,False,False,False,False,False,False,True,False,True,False,False,50618.04,48975.0
554,2019,65.0,560.0,233.0,4.6,True,False,True,False,False,True,True,False,False,False,False,False,False,True,False,False,False,True,False,False,False,30805.918,29400.0
98,2024,967.0,565.0,217.0,5.9,True,False,False,True,True,False,False,False,False,True,False,False,False,False,False,False,True,False,False,False,True,50975.586,49440.0
952,2025,0.0,543.0,262.0,2.6,False,True,False,False,True,False,False,False,True,False,False,False,False,True,False,False,False,False,False,False,True,122654.31,124470.0
734,2024,0.0,455.0,217.0,6.9,False,False,False,False,True,False,False,False,False,True,False,False,False,False,False,True,False,False,True,False,False,42606.72,43625.0
823,2020,119.0,560.0,233.0,4.6,True,False,True,False,False,True,True,False,False,False,False,False,False,True,False,False,False,False,True,False,False,27623.664,27900.0
760,2020,39.0,409.0,225.0,5.6,False,False,False,True,False,True,True,False,False,False,False,False,False,False,False,False,True,False,True,False,False,30262.287,28900.0
1590,2024,17.0,455.0,217.0,6.9,False,False,False,True,False,True,False,False,False,True,False,False,False,False,False,False,True,True,False,False,False,39784.39,40000.0
1383,2025,0.0,513.0,201.0,6.1,False,False,False,True,True,False,True,False,False,False,False,False,False,False,True,False,False,True,False,False,False,43407.39,45790.0
631,2024,0.0,629.0,201.0,4.4,True,False,True,False,True,False,True,False,False,False,False,False,False,True,False,False,False,False,True,False,False,52033.016,51275.0
53,2024,0.0,629.0,201.0,4.4,True,False,True,False,True,False,True,False,False,False,False,False,False,False,False,True,False,False,False,False,True,49560.062,45650.0
182,2022,37.0,602.0,233.0,4.4,True,False,True,False,False,True,True,False,False,False,False,True,False,False,False,False,False,False,False,False,True,34940.26,39500.0
176,2023,29.0,547.0,261.0,3.3,False,True,True,False,False,True,True,False,False,False,False,False,False,False,False,False,True,False,False,False,True,41350.008,42300.0
371,2024,0.0,629.0,201.0,4.4,True,False,True,False,True,False,True,False,False,False,False,False,False,True,False,False,False,True,False,False,False,52286.69,56280.0
122,2024,0.0,533.0,217.0,5.0,True,False,True,False,True,False,False,False,False,True,True,False,False,False,False,False,False,False,False,False,True,53236.34,53060.0
959,2025,25.0,543.0,262.0,2.6,False,True,False,False,True,False,False,False,True,False,False,False,False,False,True,False,False,False,False,False,True,114078.69,118920.0
487,2024,0.0,533.0,217.0,5.0,True,False,True,False,True,False,False,False,False,True,False,False,False,False,False,True,False,True,False,False,False,54192.83,52690.0
310,2024,0.0,513.0,201.0,6.1,False,False,False,True,True,False,True,False,False,False,False,False,False,False,False,False,True,True,False,False,False,41435.938,39990.0
1431,2025,0.0,543.0,262.0,2.6,False,True,False,False,True,False,False,False,True,False,False,True,False,False,False,False,False,True,False,False,False,121750.195,116590.0
807,2023,18.0,491.0,225.0,6.1,False,False,False,True,False,True,True,False,False,False,True,False,False,False,False,False,False,False,True,False,False,35261.445,35700.0
889,2025,27.0,629.0,201.0,4.4,True,False,True,False,True,False,True,False,False,False,False,True,False,False,False,False,False,False,False,False,True,47856.297,48860.0
1420,2025,0.0,576.0,250.0,3.9,False,False,False,False,True,False,False,False,True,False,True,False,False,False,False,False,False,True,False,False,False,114785.69,108190.0
669,2024,2.0,543.0,262.0,2.6,False,True,False,False,True,False,False,False,True,False,False,False,False,True,False,False,False,False,True,False,False,112629.27,108685.0
1575,2021,136.0,580.0,233.0,4.4,True,False,True,False,False,True,True,False,False,False,False,False,False,False,True,False,False,True,False,False,False,29474.285,28300.0
1620,2025,0.0,640.0,201.0,5.2,True,False,False,True,True,False,True,False,False,False,False,False,False,False,False,False,True,False,True,False,False,48528.934,47675.0
13,2024,17.0,634.0,250.0,3.2,False,False,True,False,True,False,False,True,False,False,False,False,False,False,False,True,False,False,False,False,True,92202.22,97500.0
418,2024,0.0,543.0,262.0,2.6,False,True,False,False,True,False,False,False,True,False,False,False,False,True,False,False,False,True,False,False,False,124631.94,117590.0
842,2019,116.0,487.0,261.0,3.6,False,True,False,False,False,True,False,False,True,False,True,False,False,False,False,False,False,False,True,False,False,51502.098,53300.0
1168,2025,0.0,629.0,201.0,4.4,True,False,False,False,True,False,True,False,False,False,False,False,False,False,True,False,False,False,False,True,False,54817.742,51975.0
777,2020,49.0,560.0,233.0,4.6,True,False,True,False,False,True,True,False,False,False,False,False,False,False,False,False,True,False,True,False,False,32137.807,32300.0
878,2025,0.0,640.0,201.0,5.2,True,False,False,True,True,False,True,False,False,False,True,False,False,False,False,False,False,False,False,False,True,46101.984,44370.0
1647,2025,0.0,629.0,201.0,4.4,True,False,True,False,True,False,True,False,False,False,False,True,False,False,False,False,False,False,True,False,False,51403.58,52975.0
278,2021,40.0,580.0,233.0,4.4,True,False,False,False,False,True,True,False,False,False,False,False,False,False,False,False,True,False,False,True,False,35379.88,35900.0
964,2025,9771.0,565.0,217.0,5.9,True,False,False,True,True,False,False,False,False,True,False,False,False,False,False,False,True,False,False,False,True,41954.934,41760.0
656,2024,6.0,543.0,262.0,2.6,False,True,False,False,True,False,False,False,True,False,False,False,False,False,False,False,True,False,True,False,False,108634.02,109135.0
307,2024,0.0,600.0,322.0,2.1,False,True,False,False,True,False,False,True,False,False,False,False,False,False,False,True,False,True,False,False,False,118341.375,121690.0
1749,2020,39.0,409.0,225.0,5.6,False,False,False,True,False,True,True,False,False,False,False,False,False,False,False,False,True,False,True,False,False,30262.287,28500.0
1571,2023,32.0,620.0,233.0,5.9,True,False,False,True,False,True,True,False,False,False,False,False,False,True,False,False,False,True,False,False,False,38249.426,41100.0
51,2024,6630.0,629.0,201.0,4.4,True,False,True,False,True,False,True,False,False,False,False,False,False,False,False,True,False,False,False,False,True,44962.46,43920.0
472,2024,0.0,533.0,217.0,5.0,True,False,True,False,True,False,False,False,False,True,True,False,False,False,False,False,False,True,False,False,False,52456.566,55390.0
1596,2023,23.0,455.0,217.0,6.9,False,False,False,True,False,True,False,False,False,True,True,False,False,False,False,False,False,True,False,False,False,38604.062,39500.0
179,2020,73.0,560.0,233.0,4.6,True,False,True,False,False,True,True,False,False,False,True,False,False,False,False,False,False,False,False,False,True,30875.037,32400.0
699,2024,4.0,514.0,250.0,3.7,False,True,True,False,True,False,False,False,False,True,False,False,False,False,False,False,True,False,True,False,False,53325.05,55585.0
1556,2019,51.0,530.0,261.0,3.4,True,True,True,False,False,True,True,False,False,False,True,False,False,False,False,False,False,True,False,False,False,31405.074,31100.0
642,2024,0.0,513.0,201.0,6.1,False,False,False,True,True,False,True,False,False,False,False,False,False,False,True,False,False,False,True,False,False,43595.727,44675.0
345,2024,0.0,528.0,262.0,3.1,False,True,False,False,True,False,True,False,False,False,True,False,False,False,False,False,False,True,False,False,False,59976.984,62590.0
1036,2023,15.0,600.0,322.0,2.1,False,True,False,False,False,True,False,True,False,False,False,False,False,False,False,False,True,False,False,False,True,87717.92,83200.0
724,2024,13.0,533.0,217.0,5.0,True,False,True,False,True,False,False,False,False,True,False,True,False,False,False,False,False,False,True,False,False,48946.527,47895.0
806,2023,19.0,491.0,225.0,6.1,False,False,False,True,False,True,True,False,False,False,True,False,False,False,False,False,False,False,True,False,False,36165.242,35500.0
1540,2020,61.0,530.0,261.0,3.4,True,True,True,False,False,True,True,False,False,False,False,False,False,False,False,False,True,True,False,False,False,31307.844,31200.0
496,2024,86.0,533.0,217.0,5.0,True,False,True,False,True,False,False,False,False,True,False,False,False,False,False,True,False,True,False,False,False,53732.656,63050.0
96,2024,7086.0,533.0,217.0,5.0,True,False,True,False,True,False,False,False,False,True,False,False,False,False,False,False,True,False,False,False,True,49481.676,48010.0
1140,2025,0.0,528.0,262.0,3.1,False,True,False,False,True,False,True,False,False,False,False,False,False,True,False,False,False,False,False,True,False,60416.156,63575.0
1481,2025,0.0,430.0,217.0,6.9,False,False,False,True,True,False,False,False,False,True,True,False,False,False,False,False,False,True,False,False,False,49330.2,49740.0
1207,2025,0.0,576.0,250.0,3.9,False,False,True,False,True,False,False,False,True,False,False,False,False,False,True,False,False,False,False,True,False,116460.24,123025.0
1826,2023,61.0,514.0,250.0,3.7,False,True,True,False,False,True,False,False,False,True,False,False,False,False,False,False,True,False,True,False,False,43432.516,45000.0
69,2024,0.0,576.0,250.0,3.9,False,False,True,False,True,False,False,False,True,False,False,False,False,False,False,False,True,False,False,False,True,111962.36,115670.0
907,2025,15.0,629.0,201.0,4.4,True,False,True,False,True,False,True,False,False,False,False,False,False,False,False,True,False,False,False,False,True,50192.18,50090.0
1212,2025,5372.0,533.0,217.0,5.0,True,False,False,False,True,False,False,False,False,True,False,False,False,False,False,False,True,False,False,True,False,49095.605,48865.0
1412,2025,0.0,576.0,250.0,3.9,False,False,False,False,True,False,False,False,True,False,False,False,False,False,False,False,True,True,False,False,False,110666.51,107790.0
417,2024,0.0,576.0,250.0,3.9,False,False,False,False,True,False,False,False,True,False,False,False,False,True,False,False,False,True,False,False,False,115044.4,112790.0
89,2024,8298.0,565.0,217.0,5.9,True,False,False,True,True,False,False,False,False,True,False,False,False,False,False,False,True,False,False,False,True,45113.906,45420.0
594,2024,1.0,634.0,250.0,3.2,False,False,True,False,True,False,False,True,False,False,False,True,False,False,False,False,False,False,True,False,False,91603.58,93265.0
1767,2021,77.0,580.0,233.0,4.4,True,False,True,False,False,True,True,False,False,False,False,False,False,False,False,False,True,False,True,False,False,32310.96,32600.0
936,2025,4261.0,576.0,250.0,3.9,False,False,True,False,True,False,False,False,True,False,True,False,False,False,False,False,False,False,False,False,True,100947.01,100080.0
783,2021,46.0,580.0,233.0,4.4,True,False,True,False,False,True,True,False,False,False,False,False,False,False,False,False,True,False,True,False,False,34297.94,34100.0
1020,2025,0.0,533.0,217.0,5.0,True,False,True,False,True,False,False,False,False,True,False,False,False,False,False,True,False,False,False,False,True,55028.645,56080.0
611,2024,0.0,513.0,201.0,6.1,False,False,False,True,True,False,True,False,False,False,True,False,False,False,False,False,False,False,True,False,False,42969.324,43625.0
55,2024,13.0,629.0,201.0,4.4,True,False,True,False,True,False,True,False,False,False,False,False,False,False,False,True,False,False,False,False,True,47401.914,46990.0
697,2024,0.0,514.0,250.0,3.7,False,True,True,False,True,False,False,False,False,True,False,False,False,False,False,False,True,False,True,False,False,56007.043,54975.0
1669,2025,1.0,576.0,250.0,3.9,False,False,True,False,True,False,False,False,True,False,False,False,False,False,False,False,True,False,True,False,False,102990.766,103095.0
1569,2022,49.0,491.0,225.0,6.1,False,False,False,True,False,True,True,False,False,False,False,False,False,True,False,False,False,True,False,False,False,31239.365,33200.0
857,2025,503.0,634.0,250.0,3.2,False,False,True,False,True,False,False,True,False,False,False,False,False,False,False,False,True,False,False,False,True,97162.36,99600.0
1283,2025,21.0,600.0,322.0,2.1,False,True,False,False,True,False,False,True,False,False,False,False,False,False,True,False,False,True,False,False,False,104639.62,101880.0
157,2024,4260.0,533.0,217.0,5.0,True,False,True,False,True,False,False,False,False,True,False,False,True,False,False,False,False,False,False,False,True,52241.723,52850.0
202,2024,23.0,634.0,250.0,3.2,False,False,True,False,True,False,False,True,False,False,False,False,False,False,True,False,False,False,False,True,False,94780.53,95885.0
1308,2025,0.0,528.0,262.0,3.1,False,True,False,False,True,False,True,False,False,False,False,False,False,False,False,False,True,True,False,False,False,58609.32,58680.0
238,2024,12.0,533.0,217.0,5.0,True,False,False,False,True,False,False,False,False,True,False,False,False,False,False,False,True,False,False,True,False,51628.996,51655.0
1574,2019,78.0,409.0,225.0,5.6,True,False,False,True,False,True,True,False,False,False,False,False,False,False,True,False,False,True,False,False,False,27089.857,25800.0
1039,2018,70.0,490.0,225.0,4.4,False,False,False,False,False,True,False,True,False,False,True,False,False,False,False,False,False,False,False,False,True,32528.707,31000.0
1634,2025,0.0,640.0,201.0,5.2,True,False,False,True,True,False,True,False,False,False,True,False,False,False,False,False,False,False,True,False,False,49207.61,48975.0
1131,2025,0.0,528.0,262.0,3.1,False,True,False,False,True,False,True,False,False,False,False,True,False,False,False,False,False,False,False,True,False,59338.63,60975.0
1373,2025,0.0,513.0,201.0,6.1,False,False,False,True,True,False,True,False,False,False,False,False,False,False,True,False,False,True,False,False,False,43407.39,41680.0
85,2024,0.0,455.0,217.0,6.9,False,False,False,False,True,False,False,False,False,True,False,False,False,False,False,False,True,False,False,False,True,44478.652,44260.0
1466,2025,0.0,533.0,217.0,5.0,True,False,True,False,True,False,False,False,False,True,False,False,False,False,False,False,True,True,False,False,False,55010.785,55440.0
462,2024,0.0,533.0,217.0,5.0,True,False,True,False,True,False,False,False,False,True,True,False,False,False,False,False,False,True,False,False,False,52456.566,51390.0
1780,2023,17.0,491.0,225.0,6.1,False,False,False,True,False,True,True,False,False,False,False,False,False,False,False,False,True,False,True,False,False,36596.934,35200.0
405,2024,0.0,576.0,250.0,3.9,False,False,False,False,True,False,False,False,True,False,False,False,False,False,False,False,True,True,False,False,False,109482.875,117090.0
1831,2023,48.0,533.0,217.0,5.0,True,False,True,False,False,True,False,False,False,True,False,False,False,True,False,False,False,False,True,False,False,44789.586,43000.0
602,2024,0.0,513.0,201.0,6.1,False,False,False,True,True,False,True,False,False,False,False,False,False,False,False,False,True,False,True,False,False,42437.855,46475.0
431,2024,0.0,430.0,217.0,6.9,False,False,False,True,True,False,False,False,False,True,False,False,False,False,False,False,True,True,False,False,False,43989.086,44280.0
1435,2025,86.0,576.0,250.0,3.9,False,False,False,False,True,False,False,False,True,False,False,False,False,True,False,False,False,True,False,False,False,111877.13,109290.0
209,2024,0.0,513.0,201.0,6.1,False,False,False,True,True,False,True,False,False,False,True,False,False,False,False,False,False,False,False,True,False,42709.367,43975.0
159,2024,0.0,514.0,250.0,3.7,False,True,True,False,True,False,False,False,False,True,False,False,True,False,False,False,False,False,False,False,True,60011.83,58920.0
921,2025,1214.0,576.0,250.0,3.9,False,False,True,False,True,False,False,False,True,False,False,False,False,False,False,False,True,False,False,False,True,104340.336,100380.0
1247,2025,5024.0,430.0,217.0,6.9,False,False,False,True,True,False,False,False,False,True,False,False,False,False,False,True,False,False,False,True,False,44982.98,45525.0
904,2025,7286.0,629.0,201.0,4.4,True,False,True,False,True,False,True,False,False,False,False,False,False,False,False,True,False,False,False,False,True,45634.32,46910.0
65,2024,34.0,543.0,262.0,2.6,False,True,False,False,True,False,False,False,True,False,False,False,False,False,False,False,True,False,False,False,True,111470.4,106050.0
1066,2023,20.0,543.0,262.0,2.6,False,True,False,False,False,True,False,False,True,False,False,False,False,False,False,False,True,False,False,False,True,83285.984,82000.0
1299,2025,13.0,629.0,201.0,4.4,True,False,True,False,True,False,True,False,False,False,False,False,False,False,False,False,True,True,False,False,False,50874.715,49330.0
1210,2025,3749.0,455.0,217.0,6.9,False,False,False,True,True,False,False,False,False,True,False,False,False,False,False,False,True,False,False,True,False,42010.086,42605.0
1349,2025,0.0,513.0,201.0,6.1,False,False,False,True,True,False,True,False,False,False,False,False,False,True,False,False,False,True,False,False,False,43010.992,42640.0
447,2024,0.0,514.0,250.0,3.7,False,True,False,False,True,False,False,False,False,True,False,False,False,False,False,False,True,True,False,False,False,57618.37,53990.0
1530,2019,90.0,593.0,261.0,3.2,False,True,False,False,False,True,False,True,False,False,False,False,False,False,True,False,False,True,False,False,False,47140.3,43200.0
239,2024,0.0,533.0,217.0,5.0,True,False,False,False,True,False,False,False,False,True,False,False,False,False,False,False,True,False,False,True,False,52973.797,51655.0
341,2024,0.0,629.0,201.0,4.4,True,False,True,False,True,False,True,False,False,False,True,False,False,False,False,False,False,True,False,False,False,51968.32,51290.0
1262,2019,64.0,542.0,249.0,3.0,True,True,False,False,False,True,False,False,True,False,False,False,False,True,False,False,False,False,False,True,False,54593.95,55000.0
153,2024,0.0,600.0,217.0,5.9,True,False,False,True,True,False,False,False,False,True,False,False,True,False,False,False,False,False,False,False,True,50056.59,49360.0
1081,2025,0.0,513.0,201.0,6.1,False,False,False,True,True,False,True,False,False,False,False,False,False,False,False,False,True,False,False,True,False,41459.61,43525.0
1287,2025,0.0,513.0,201.0,6.1,False,False,False,True,True,False,True,False,False,False,False,False,False,False,False,False,True,True,False,False,False,41734.676,42370.0
248,2024,0.0,514.0,250.0,3.7,False,True,False,False,True,False,False,False,False,True,True,False,False,False,False,False,False,False,False,True,False,59961.527,60275.0
1421,2025,0.0,576.0,250.0,3.9,False,False,False,False,True,False,False,False,True,False,True,False,False,False,False,False,False,True,False,False,False,114785.69,109390.0
484,2024,0.0,600.0,217.0,5.9,True,False,False,True,True,False,False,False,False,True,False,False,False,False,False,True,False,True,False,False,False,49819.848,49590.0
845,2019,86.0,565.0,249.0,4.9,True,False,False,False,False,True,False,False,True,False,False,False,False,True,False,False,False,False,True,False,False,46260.797,48900.0
83,2024,25.0,543.0,262.0,2.6,False,True,False,False,True,False,False,False,True,False,False,False,False,False,True,False,False,False,False,False,True,114709.34,119820.0
62,2024,1015.0,576.0,250.0,3.9,False,False,True,False,True,False,False,False,True,False,False,False,False,False,False,False,True,False,False,False,True,105657.46,100720.0
340,2024,0.0,640.0,201.0,5.2,True,False,False,True,True,False,True,False,False,False,True,False,False,False,False,False,False,True,False,False,False,48513.52,47480.0
638,2024,0.0,513.0,201.0,6.1,False,False,False,True,True,False,True,False,False,False,False,False,False,False,False,True,False,False,True,False,False,43847.9,44675.0
489,2024,115.0,533.0,217.0,5.0,True,False,True,False,True,False,False,False,False,True,False,False,False,False,False,True,False,True,False,False,False,53458.293,54700.0
624,2024,0.0,629.0,201.0,4.4,True,False,True,False,True,False,True,False,False,False,False,True,False,False,False,False,False,False,True,False,False,50660.54,49525.0
474,2024,0.0,514.0,250.0,3.7,False,True,False,False,True,False,False,False,False,True,True,False,False,False,False,False,False,True,False,False,False,58865.49,56640.0
151,2024,1011.0,455.0,217.0,6.9,False,False,False,False,True,False,False,False,False,True,False,False,True,False,False,False,False,False,False,False,True,45051.71,46720.0
529,2020,49.0,560.0,233.0,4.1,True,False,True,False,False,True,True,False,False,False,False,False,False,False,False,False,True,True,False,False,False,31366.41,31200.0
963,2025,6315.0,430.0,217.0,6.9,False,False,False,False,True,False,False,False,False,True,False,False,False,False,False,False,True,False,False,False,True,41340.656,40920.0
1040,2023,15.0,634.0,250.0,3.2,False,False,True,False,False,True,False,True,False,False,True,False,False,False,False,False,False,False,False,False,True,77349.086,74000.0
909,2025,0.0,629.0,201.0,4.4,True,False,True,False,True,False,True,False,False,False,False,False,False,False,False,True,False,False,False,False,True,51900.62,52110.0
1171,2025,0.0,629.0,201.0,4.4,True,False,False,False,True,False,True,False,False,False,False,False,False,False,True,False,False,False,False,True,False,54817.742,53175.0
1508,2025,0.0,455.0,217.0,6.9,False,False,False,True,True,False,False,False,False,True,False,False,False,False,False,True,False,True,False,False,False,48480.0,48940.0
57,2024,0.0,513.0,201.0,6.1,False,False,False,False,True,False,True,False,False,False,False,False,False,False,True,False,False,False,False,False,True,38832.695,38470.0
1292,2025,0.0,640.0,201.0,5.2,True,False,False,True,True,False,True,False,False,False,False,False,False,False,False,False,True,True,False,False,False,47273.44,46180.0
1150,2025,0.0,629.0,201.0,4.4,True,False,False,False,True,False,True,False,False,False,False,False,False,False,False,True,False,False,False,True,False,53806.34,51975.0
945,2025,0.0,543.0,262.0,2.6,False,True,False,False,True,False,False,False,True,False,False,True,False,False,False,False,False,False,False,False,True,120957.71,117570.0
1250,2025,0.0,455.0,217.0,6.9,False,False,False,True,True,False,False,False,False,True,False,False,True,False,False,False,False,False,False,True,False,45383.203,46115.0
1202,2025,0.0,576.0,250.0,3.9,False,False,True,False,True,False,False,False,True,False,False,False,False,False,True,False,False,False,False,True,False,116460.24,113575.0
350,2024,21.0,513.0,201.0,6.1,False,False,False,True,True,False,True,False,False,False,False,True,False,False,False,False,False,True,False,False,False,41458.043,41160.0
1123,2025,0.0,629.0,201.0,4.4,True,False,False,False,True,False,True,False,False,False,False,True,False,False,False,False,False,False,False,True,False,52324.51,52475.0
80,2024,23.0,576.0,250.0,3.9,False,False,True,False,True,False,False,False,True,False,False,False,False,False,False,True,False,False,False,False,True,107677.79,109540.0
813,2020,57.0,440.0,225.0,5.6,False,False,False,True,False,True,True,False,False,False,False,True,False,False,False,False,False,False,True,False,False,29681.52,31200.0
793,2023,23.0,491.0,225.0,6.1,False,False,False,True,False,True,True,False,False,False,False,False,False,False,False,False,True,False,True,False,False,36145.332,36400.0
1527,2023,27.0,600.0,322.0,2.1,False,True,False,False,False,True,False,True,False,False,True,False,False,False,False,False,False,True,False,False,False,89037.4,86500.0
1070,2025,1013.0,600.0,217.0,5.9,True,False,False,True,False,True,False,False,False,True,False,False,False,False,False,False,True,False,False,False,True,49451.586,45500.0
1096,2025,0.0,528.0,262.0,3.1,False,True,False,False,True,False,True,False,False,False,False,False,False,False,False,False,True,False,False,True,False,59433.727,56155.0
633,2024,0.0,528.0,262.0,3.1,False,True,True,False,True,False,True,False,False,False,False,False,False,True,False,False,False,False,True,False,False,59615.38,59775.0
1216,2025,0.0,533.0,217.0,5.0,True,False,False,False,True,False,False,False,False,True,False,False,False,False,False,False,True,False,False,True,False,53481.152,51515.0
200,2024,0.0,634.0,250.0,3.2,False,False,True,False,True,False,False,True,False,False,True,False,False,False,False,False,False,False,False,True,False,103749.84,103525.0
1121,2025,0.0,640.0,201.0,5.2,True,False,False,True,True,False,True,False,False,False,False,True,False,False,False,False,False,False,False,True,False,48446.58,50175.0
587,2024,99.0,634.0,250.0,3.2,False,False,True,False,True,False,False,True,False,False,False,False,False,False,False,False,True,False,True,False,False,101105.19,103425.0
408,2024,0.0,576.0,250.0,3.9,False,False,False,False,True,False,False,False,True,False,True,False,False,False,False,False,False,True,False,False,False,114904.99,108190.0
1297,2025,0.0,640.0,201.0,5.2,True,False,False,True,True,False,True,False,False,False,False,False,False,False,False,False,True,True,False,False,False,47273.44,47530.0
790,2023,10.0,491.0,225.0,6.1,False,False,False,True,False,True,True,False,False,False,False,False,False,False,False,False,True,False,True,False,False,36510.766,35700.0
201,2024,54.0,600.0,322.0,2.1,False,True,False,False,True,False,False,True,False,False,False,False,False,False,False,True,False,False,False,True,False,114951.54,121025.0
1166,2025,0.0,640.0,201.0,5.2,True,False,False,True,True,False,True,False,False,False,False,False,False,False,True,False,False,False,False,True,False,50255.207,50875.0
736,2024,0.0,533.0,217.0,5.0,True,False,True,False,True,False,False,False,False,True,False,False,False,False,False,True,False,False,True,False,False,53062.676,51575.0
852,2022,17.0,533.0,217.0,5.0,True,False,True,False,False,True,False,False,False,True,True,False,False,False,False,False,False,False,True,False,False,43007.516,44800.0
1622,2025,0.0,629.0,201.0,4.4,True,False,True,False,True,False,True,False,False,False,False,False,False,False,False,False,True,False,True,False,False,51692.926,51175.0
1646,2025,0.0,629.0,201.0,4.4,True,False,True,False,True,False,True,False,False,False,False,True,False,False,False,False,False,False,True,False,False,51403.58,52625.0
1331,2025,0.0,513.0,201.0,6.1,False,False,False,True,True,False,True,False,False,False,False,True,False,False,False,False,False,True,False,False,False,42200.633,43830.0
1073,2025,8225.0,634.0,250.0,3.2,False,False,True,False,True,False,False,True,False,False,False,False,False,False,False,False,True,False,False,True,False,95003.89,94675.0
1624,2025,0.0,629.0,201.0,4.4,True,False,True,False,True,False,True,False,False,False,False,False,False,False,False,False,True,False,True,False,False,51692.926,51675.0
6,2024,6198.0,634.0,250.0,3.2,False,False,True,False,True,False,False,True,False,False,False,True,False,False,False,False,False,False,False,False,True,94162.02,88890.0
717,2024,0.0,514.0,250.0,3.7,False,True,True,False,True,False,False,False,False,True,True,False,False,False,False,False,False,False,True,False,False,56763.867,56565.0
1093,2025,0.0,629.0,201.0,4.4,True,False,False,False,True,False,True,False,False,False,False,False,False,False,False,False,True,False,False,True,False,52044.5,52525.0
400,2024,15.0,629.0,201.0,4.4,True,False,True,False,True,False,True,False,False,False,False,False,False,False,True,False,False,True,False,False,False,51722.418,53880.0
1799,2019,55.0,560.0,233.0,4.6,True,False,True,False,False,True,True,False,False,False,False,True,False,False,False,False,False,False,True,False,False,31070.623,30100.0
1364,2025,0.0,702.0,201.0,5.2,True,False,False,True,True,False,True,False,False,False,False,False,False,False,False,True,False,True,False,False,False,47802.24,48340.0
1693,2025,3.0,514.0,250.0,3.7,False,True,True,False,True,False,False,False,False,True,False,False,False,False,False,False,True,False,True,False,False,52140.406,53965.0
1119,2025,0.0,640.0,201.0,5.2,True,False,False,True,True,False,True,False,False,False,False,True,False,False,False,False,False,False,False,True,False,48446.58,48975.0
1701,2025,0.0,533.0,217.0,5.0,True,False,True,False,True,False,False,False,False,True,True,False,False,False,False,False,False,False,True,False,False,51639.707,48975.0
517,2018,127.0,490.0,225.0,4.4,False,False,False,False,False,True,False,True,False,False,False,False,False,True,False,False,False,True,False,False,False,29297.775,28600.0
456,2024,0.0,430.0,217.0,6.9,False,False,False,True,True,False,False,False,False,True,True,False,False,False,False,False,False,True,False,False,False,44967.22,44390.0
331,2024,0.0,528.0,262.0,3.1,False,True,False,False,True,False,True,False,False,False,False,False,False,False,False,False,True,True,False,False,False,58004.39,58680.0
1365,2025,0.0,640.0,201.0,5.2,True,False,False,True,True,False,True,False,False,False,False,False,False,False,False,True,False,True,False,False,False,49513.402,49370.0
396,2024,15.0,629.0,201.0,4.4,True,False,True,False,True,False,True,False,False,False,False,False,False,False,True,False,False,True,False,False,False,51722.418,52580.0
1012,2025,0.0,600.0,217.0,5.9,True,False,False,True,True,False,False,False,False,True,False,False,False,False,False,True,False,False,False,False,True,49732.17,46070.0
21,2024,0.0,513.0,201.0,6.1,False,False,False,False,True,False,True,False,False,False,True,False,False,False,False,False,False,False,False,False,True,38510.62,38770.0
300,2024,31.0,634.0,250.0,3.2,False,False,False,False,True,False,False,True,False,False,True,False,False,False,False,False,False,True,False,False,False,91697.055,91960.0
285,2019,64.0,542.0,249.0,3.0,True,True,False,False,False,True,False,False,True,False,False,False,False,True,False,False,False,False,False,True,False,54593.95,58000.0
432,2024,0.0,600.0,217.0,5.9,True,False,False,True,True,False,False,False,False,True,False,False,False,False,False,False,True,True,False,False,False,48378.867,46990.0
692,2024,0.0,533.0,217.0,5.0,True,False,True,False,True,False,False,False,False,True,False,False,False,False,False,False,True,False,True,False,False,50618.04,51175.0
1026,2025,12.0,533.0,217.0,5.0,True,False,True,False,True,False,False,False,False,True,False,False,True,False,False,False,False,False,False,False,True,50581.035,47830.0
1478,2025,0.0,455.0,217.0,6.9,False,False,False,True,True,False,False,False,False,True,True,False,False,False,False,False,False,True,False,False,False,47897.02,47640.0
1019,2025,53.0,514.0,250.0,3.7,False,True,True,False,True,False,False,False,False,True,False,False,False,False,False,True,False,False,False,False,True,57133.176,55910.0
1204,2025,0.0,576.0,250.0,3.9,False,False,True,False,True,False,False,False,True,False,False,False,False,False,True,False,False,False,False,True,False,116460.24,117075.0
9,2024,1393.0,634.0,250.0,3.2,False,False,True,False,True,False,False,True,False,False,False,False,False,True,False,False,False,False,False,False,True,91648.484,90750.0
565,2021,64.0,580.0,233.0,4.4,True,False,True,False,False,True,True,False,False,False,False,False,False,False,True,False,False,True,False,False,False,33160.0,33100.0
606,2024,0.0,629.0,201.0,4.4,True,False,True,False,True,False,True,False,False,False,False,False,False,False,False,False,True,False,True,False,False,50928.67,53025.0
784,2021,50.0,580.0,233.0,4.4,True,False,True,False,False,True,True,False,False,False,False,False,False,False,False,False,True,False,True,False,False,34149.316,34900.0
835,2021,36.0,580.0,233.0,4.4,True,False,True,False,False,True,True,False,False,False,False,False,False,True,False,False,False,False,True,False,False,35562.12,36300.0
1645,2025,0.0,629.0,201.0,4.4,True,False,True,False,True,False,True,False,False,False,False,True,False,False,False,False,False,False,True,False,False,51403.58,52475.0
1786,2021,12.0,567.0,261.0,3.3,True,True,True,False,False,True,True,False,False,False,False,False,False,False,False,False,True,False,True,False,False,38225.74,36800.0
580,2019,64.0,507.0,250.0,4.6,True,False,False,False,False,True,False,False,True,False,False,False,False,True,False,False,False,True,False,False,False,50488.453,53800.0
974,2025,401.0,533.0,217.0,5.0,True,False,True,False,True,False,False,False,False,True,False,False,False,False,False,False,True,False,False,False,True,50372.508,46400.0
1515,2025,0.0,514.0,250.0,3.7,False,True,False,False,True,False,False,False,False,True,False,False,False,False,False,True,False,True,False,False,False,61257.984,60590.0
1528,2020,96.0,610.0,250.0,3.8,True,False,False,False,False,True,False,True,False,False,False,True,False,False,False,False,False,True,False,False,False,50535.46,48500.0
36,2024,0.0,629.0,201.0,4.4,True,False,True,False,True,False,True,False,False,False,False,True,False,False,False,False,False,False,False,False,True,47701.883,46770.0
20,2024,21.0,629.0,201.0,4.4,True,False,True,False,True,False,True,False,False,False,False,False,False,False,False,False,True,False,False,False,True,46641.098,49070.0
119,2024,0.0,600.0,217.0,5.9,True,False,False,True,True,False,False,False,False,True,True,False,False,False,False,False,False,False,False,False,True,48849.152,49110.0
639,2024,0.0,629.0,201.0,4.4,True,False,True,False,True,False,True,False,False,False,False,False,False,False,False,True,False,False,True,False,False,53475.66,51975.0
192,2023,11.0,576.0,250.0,3.9,False,False,True,False,False,True,False,False,True,False,True,False,False,False,False,False,False,False,False,False,True,78329.41,82500.0
584,2022,14.0,514.0,250.0,3.7,False,True,False,False,False,True,False,False,False,True,True,False,False,False,False,False,False,True,False,False,False,46464.24,48400.0
1228,2025,0.0,533.0,217.0,5.0,True,False,False,False,True,False,False,False,False,True,True,False,False,False,False,False,False,False,False,True,False,53882.58,58735.0
1618,2025,0.0,513.0,201.0,6.1,False,False,False,True,True,False,True,False,False,False,False,False,False,False,False,False,True,False,True,False,False,42975.51,44025.0
1464,2025,13.0,533.0,217.0,5.0,True,False,True,False,True,False,False,False,False,True,False,False,False,False,False,False,True,True,False,False,False,53475.773,55050.0
94,2024,4462.0,565.0,217.0,5.9,True,False,False,True,True,False,False,False,False,True,False,False,False,False,False,False,True,False,False,False,True,47006.89,47490.0
166,2018,70.0,490.0,225.0,4.4,False,False,False,False,False,True,False,True,False,False,True,False,False,False,False,False,False,False,False,False,True,32528.707,33200.0
505,2024,0.0,514.0,250.0,3.7,False,True,False,False,True,False,False,False,False,True,False,False,True,False,False,False,False,True,False,False,False,58397.586,57780.0
1744,2025,0.0,514.0,250.0,3.7,False,True,True,False,True,False,False,False,False,True,False,False,True,False,False,False,False,False,True,False,False,57147.15,58775.0
1539,2020,94.0,530.0,261.0,3.4,True,True,True,False,False,True,True,False,False,False,False,False,False,False,False,False,True,True,False,False,False,30117.846,30800.0
342,2024,0.0,629.0,201.0,4.4,True,False,True,False,True,False,True,False,False,False,True,False,False,False,False,False,False,True,False,False,False,51968.32,52480.0
1510,2025,0.0,533.0,217.0,5.0,True,False,True,False,True,False,False,False,False,True,False,False,False,False,False,True,False,True,False,False,False,57427.816,56690.0
1205,2025,0.0,576.0,250.0,3.9,False,False,True,False,True,False,False,False,True,False,False,False,False,False,True,False,False,False,False,True,False,116460.24,119525.0
830,2020,38.0,560.0,233.0,4.6,True,False,True,False,False,True,True,False,False,False,False,False,False,True,False,False,False,False,True,False,False,33427.33,30900.0
722,2024,3.0,533.0,217.0,5.0,True,False,True,False,True,False,False,False,False,True,False,True,False,False,False,False,False,False,True,False,False,48683.234,46895.0
1160,2025,0.0,513.0,201.0,6.1,False,False,False,True,True,False,True,False,False,False,False,False,False,False,True,False,False,False,False,True,False,43014.367,45875.0
1820,2020,92.0,507.0,250.0,4.6,True,False,False,False,False,True,False,False,True,False,False,False,False,False,False,False,True,False,True,False,False,51941.836,48500.0
250,2024,0.0,455.0,217.0,6.9,False,False,False,True,True,False,False,False,False,True,False,True,False,False,False,False,False,False,False,True,False,44409.7,42645.0
1172,2025,0.0,629.0,201.0,4.4,True,False,False,False,True,False,True,False,False,False,False,False,False,False,True,False,False,False,False,True,False,54817.742,53325.0
1604,2024,2.0,430.0,217.0,6.9,False,False,False,True,False,True,False,False,False,True,False,False,False,False,False,True,False,True,False,False,False,42359.855,42800.0
949,2025,32.0,543.0,262.0,2.6,False,True,False,False,True,False,False,False,True,False,False,False,False,True,False,False,False,False,False,False,True,114823.04,113360.0
116,2024,0.0,455.0,217.0,6.9,False,False,False,False,True,False,False,False,False,True,True,False,False,False,False,False,False,False,False,False,True,43437.895,45560.0
450,2024,0.0,514.0,250.0,3.7,False,True,False,False,True,False,False,False,False,True,False,False,False,False,False,False,True,True,False,False,False,57618.37,55340.0
502,2024,0.0,533.0,217.0,5.0,True,False,True,False,True,False,False,False,False,True,False,False,True,False,False,False,False,True,False,False,False,53798.566,55230.0
1217,2025,12.0,533.0,217.0,5.0,True,False,False,False,True,False,False,False,False,True,False,False,False,False,False,False,True,False,False,True,False,51426.734,51655.0
1487,2025,0.0,533.0,217.0,5.0,True,False,True,False,True,False,False,False,False,True,True,False,False,False,False,False,False,True,False,False,False,55265.016,54640.0
244,2024,0.0,600.0,217.0,5.9,True,False,False,True,True,False,False,False,False,True,True,False,False,False,False,False,False,False,False,True,False,51920.555,51275.0
515,2020,58.0,610.0,250.0,3.8,True,False,False,False,False,True,False,True,False,False,False,True,False,False,False,False,False,True,False,False,False,49782.566,53550.0
1290,2025,0.0,513.0,201.0,6.1,False,False,False,True,True,False,True,False,False,False,False,False,False,False,False,False,True,True,False,False,False,41734.676,45140.0
397,2024,14.0,629.0,201.0,4.4,True,False,True,False,True,False,True,False,False,False,False,False,False,False,True,False,False,True,False,False,False,51472.73,52700.0
1114,2025,0.0,513.0,201.0,6.1,False,False,False,True,True,False,True,False,False,False,False,True,False,False,False,False,False,False,False,True,False,41176.734,39675.0
955,2025,0.0,576.0,250.0,3.9,False,False,True,False,True,False,False,False,True,False,False,False,False,False,True,False,False,False,False,False,True,116447.96,111370.0
1403,2025,0.0,629.0,201.0,4.4,True,False,True,False,True,False,True,False,False,False,False,False,False,False,True,False,False,True,False,False,False,54724.73,54530.0
1001,2025,0.0,455.0,217.0,6.9,False,False,False,False,True,False,False,False,False,True,False,True,False,False,False,False,False,False,False,False,True,43117.504,42270.0
1697,2025,4.0,533.0,217.0,5.0,True,False,True,False,True,False,False,False,False,True,False,False,False,False,False,False,True,False,True,False,False,48025.79,55795.0
180,2021,76.0,614.0,233.0,4.4,True,False,True,False,False,True,True,False,False,False,True,False,False,False,False,False,False,False,False,False,True,32481.883,33000.0
1014,2025,831.0,533.0,217.0,5.0,True,False,True,False,True,False,False,False,False,True,False,False,False,False,False,True,False,False,False,False,True,57581.273,51510.0
1768,2020,60.0,560.0,233.0,4.6,True,False,True,False,False,True,True,False,False,False,False,False,False,False,False,False,True,False,True,False,False,31469.7,32900.0
637,2024,0.0,513.0,201.0,6.1,False,False,False,True,True,False,True,False,False,False,False,False,False,False,False,True,False,False,True,False,False,43847.9,44175.0
950,2025,0.0,576.0,250.0,3.9,False,False,True,False,True,False,False,False,True,False,False,False,False,True,False,False,False,False,False,False,True,115366.66,113770.0
1410,2025,0.0,528.0,262.0,3.1,False,True,False,False,True,False,True,False,False,False,False,False,False,False,True,False,False,True,False,False,False,61223.105,64480.0
848,2022,70.0,514.0,250.0,3.7,False,True,True,False,False,True,False,False,False,True,False,False,False,False,False,False,True,False,True,False,False,42988.35,45000.0
92,2024,0.0,600.0,217.0,5.9,True,False,False,True,True,False,False,False,False,True,False,False,False,False,False,False,True,False,False,False,True,49066.43,46760.0
808,2023,9.0,491.0,225.0,6.1,False,False,False,True,False,True,True,False,False,False,True,False,False,False,False,False,False,False,True,False,False,36265.57,36200.0
1089,2025,0.0,629.0,201.0,4.4,True,False,False,False,True,False,True,False,False,False,False,False,False,False,False,False,True,False,False,True,False,52044.5,49975.0
1615,2025,0.0,513.0,201.0,6.1,False,False,False,True,True,False,True,False,False,False,False,False,False,False,False,False,True,False,True,False,False,42975.51,42175.0
466,2024,0.0,533.0,217.0,5.0,True,False,True,False,True,False,False,False,False,True,True,False,False,False,False,False,False,True,False,False,False,52456.566,53090.0
104,2024,0.0,533.0,217.0,5.0,True,False,True,False,True,False,False,False,False,True,False,False,False,False,False,False,True,False,False,False,True,53672.117,55070.0
1628,2025,0.0,528.0,262.0,3.1,False,True,True,False,True,False,True,False,False,False,False,False,False,False,False,False,True,False,True,False,False,58605.832,58475.0
654,2024,1.0,576.0,250.0,3.9,False,False,True,False,True,False,False,False,True,False,False,False,False,False,False,False,True,False,True,False,False,102891.945,103375.0
906,2025,0.0,629.0,201.0,4.4,True,False,True,False,True,False,True,False,False,False,False,False,False,False,False,True,False,False,False,False,True,51900.62,48780.0
1027,2025,0.0,600.0,217.0,5.9,True,False,False,True,True,False,False,False,False,True,False,False,True,False,False,False,False,False,False,False,True,50062.39,48470.0
1094,2025,0.0,629.0,201.0,4.4,True,False,False,False,True,False,True,False,False,False,False,False,False,False,False,False,True,False,False,True,False,52044.5,52875.0
44,2024,3325.0,528.0,262.0,3.1,False,True,True,False,True,False,True,False,False,False,False,False,False,True,False,False,False,False,False,False,True,54064.363,54860.0
1444,2025,26.0,576.0,250.0,3.9,False,False,False,False,True,False,False,False,True,False,False,False,False,False,True,False,False,True,False,False,False,109001.35,108540.0
187,2021,26.0,580.0,233.0,4.4,True,False,True,False,False,True,True,False,False,False,False,False,False,False,True,False,False,False,False,False,True,33794.4,34900.0
976,2025,0.0,533.0,217.0,5.0,True,False,True,False,True,False,False,False,False,True,False,False,False,False,False,False,True,False,False,False,True,51672.992,48470.0
1194,2025,0.0,576.0,250.0,3.9,False,False,True,False,True,False,False,False,True,False,False,True,False,False,False,False,False,False,False,True,False,113870.18,115075.0
881,2025,0.0,629.0,201.0,4.4,True,False,True,False,True,False,True,False,False,False,True,False,False,False,False,False,False,False,False,False,True,50758.363,51410.0
1711,2025,0.0,455.0,217.0,6.9,False,False,False,False,True,False,False,False,False,True,False,True,False,False,False,False,False,False,True,False,False,42651.38,42175.0
1732,2025,0.0,514.0,250.0,3.7,False,True,True,False,True,False,False,False,False,True,False,False,False,False,False,True,False,False,True,False,False,57800.914,58775.0
1561,2021,39.0,580.0,233.0,4.4,True,False,True,False,False,True,True,False,False,False,False,True,False,False,False,False,False,True,False,False,False,33940.984,38700.0
1671,2025,0.0,576.0,250.0,3.9,False,False,True,False,True,False,False,False,True,False,False,False,False,False,False,False,True,False,True,False,False,113267.56,111425.0
1656,2025,0.0,513.0,201.0,6.1,False,False,False,True,True,False,True,False,False,False,False,False,False,False,False,True,False,False,True,False,False,44364.34,44675.0
152,2024,3522.0,600.0,217.0,5.9,True,False,False,True,True,False,False,False,False,True,False,False,True,False,False,False,False,False,False,False,True,48538.586,46940.0
448,2024,15.0,533.0,217.0,5.0,True,False,True,False,True,False,False,False,False,True,False,False,False,False,False,False,True,True,False,False,False,51301.074,54330.0
834,2021,47.0,580.0,233.0,4.4,True,False,True,False,False,True,True,False,False,False,False,False,False,True,False,False,False,False,True,False,False,34071.965,33800.0
137,2024,0.0,455.0,217.0,6.9,False,False,False,False,True,False,False,False,False,True,False,False,False,False,False,True,False,False,False,False,True,43926.38,46860.0
883,2025,1725.0,528.0,262.0,3.1,False,True,True,False,True,False,True,False,False,False,True,False,False,False,False,False,False,False,False,False,True,53967.91,55170.0
414,2024,60.0,576.0,250.0,3.9,False,False,False,False,True,False,False,False,True,False,False,True,False,False,False,False,False,True,False,False,False,113254.42,118690.0
413,2024,401.0,543.0,262.0,2.6,False,True,False,False,True,False,False,False,True,False,False,True,False,False,False,False,False,True,False,False,False,114039.84,112810.0
1750,2019,91.0,560.0,233.0,4.6,True,False,True,False,False,True,True,False,False,False,False,False,False,False,False,False,True,False,True,False,False,28676.275,29300.0
1788,2020,57.0,409.0,225.0,5.6,False,False,False,True,False,True,True,False,False,False,True,False,False,False,False,False,False,False,True,False,False,27667.42,28200.0
114,2024,5955.0,455.0,217.0,6.9,False,False,False,False,True,False,False,False,False,True,True,False,False,False,False,False,False,False,False,False,True,42606.402,42670.0
1405,2025,0.0,528.0,262.0,3.1,False,True,False,False,True,False,True,False,False,False,False,False,False,False,True,False,False,True,False,False,False,61223.105,59490.0
742,2024,0.0,514.0,250.0,3.7,False,True,True,False,True,False,False,False,False,True,False,False,False,False,False,True,False,False,True,False,False,57717.34,58925.0
1489,2025,0.0,533.0,217.0,5.0,True,False,True,False,True,False,False,False,False,True,True,False,False,False,False,False,False,True,False,False,False,55265.016,56580.0
483,2024,0.0,430.0,217.0,6.9,False,False,False,True,True,False,False,False,False,True,False,False,False,False,False,True,False,True,False,False,False,46690.293,46880.0
149,2024,31.0,455.0,217.0,6.9,False,False,False,False,True,False,False,False,False,True,False,False,True,False,False,False,False,False,False,False,True,42909.17,45040.0
203,2024,3443.0,600.0,322.0,2.1,False,True,False,False,True,False,False,True,False,False,False,False,False,False,True,False,False,False,False,True,False,116443.305,115725.0
1229,2025,0.0,514.0,250.0,3.7,False,True,False,False,True,False,False,False,False,True,True,False,False,False,False,False,False,False,False,True,False,60403.414,60275.0
266,2024,0.0,455.0,217.0,6.9,False,False,False,True,True,False,False,False,False,True,False,False,False,False,False,True,False,False,False,True,False,44928.465,43815.0
27,2024,0.0,528.0,262.0,3.1,False,True,True,False,True,False,True,False,False,False,True,False,False,False,False,False,False,False,False,False,True,59482.992,59770.0
1581,2019,114.0,565.0,249.0,4.9,True,False,False,False,False,True,False,False,True,False,False,True,False,False,False,False,False,True,False,False,False,44361.723,44500.0
193,2018,108.0,565.0,249.0,4.9,True,False,False,False,False,True,False,False,True,False,False,True,False,False,False,False,False,False,False,False,True,43824.492,47900.0
537,2021,24.0,448.0,225.0,5.6,True,False,False,True,False,True,True,False,False,False,False,False,False,False,False,False,True,True,False,False,False,31890.236,33500.0
1793,2023,19.0,491.0,225.0,6.1,False,False,False,True,False,True,True,False,False,False,True,False,False,False,False,False,False,False,True,False,False,36165.242,35100.0
1159,2025,0.0,513.0,201.0,6.1,False,False,False,True,True,False,True,False,False,False,False,False,False,False,True,False,False,False,False,True,False,43014.367,44675.0
141,2024,0.0,600.0,217.0,5.9,True,False,False,True,True,False,False,False,False,True,False,False,False,False,False,True,False,False,False,False,True,49735.164,50410.0
1453,2025,0.0,455.0,217.0,6.9,False,False,False,True,True,False,False,False,False,True,False,False,False,False,False,False,True,True,False,False,False,46612.008,44990.0
1663,2025,5.0,629.0,201.0,4.4,True,False,True,False,True,False,True,False,False,False,False,False,False,False,True,False,False,False,True,False,False,51435.348,52595.0
558,2021,88.0,567.0,261.0,3.3,True,True,True,False,False,True,True,False,False,False,False,False,False,True,False,False,False,True,False,False,False,33956.613,33400.0
1436,2025,0.0,576.0,250.0,3.9,False,False,False,False,True,False,False,False,True,False,False,False,False,True,False,False,False,True,False,False,False,114925.09,110390.0
211,2024,7475.0,629.0,201.0,4.4,True,False,False,False,True,False,True,False,False,False,False,True,False,False,False,False,False,False,False,True,False,49606.527,49325.0
527,2020,53.0,560.0,233.0,4.6,True,False,True,False,False,True,True,False,False,False,False,False,False,False,False,False,True,True,False,False,False,31113.742,30800.0
1164,2025,0.0,702.0,201.0,5.2,True,False,False,True,True,False,True,False,False,False,False,False,False,False,True,False,False,False,False,True,False,48794.27,49325.0
451,2024,0.0,514.0,250.0,3.7,False,True,False,False,True,False,False,False,False,True,False,False,False,False,False,False,True,True,False,False,False,57618.37,57790.0
1584,2019,98.0,507.0,250.0,4.6,True,False,False,False,False,True,False,False,True,False,False,False,False,True,False,False,False,True,False,False,False,48959.42,48000.0
1360,2025,0.0,513.0,201.0,6.1,False,False,False,True,True,False,True,False,False,False,False,False,False,False,False,True,False,True,False,False,False,43863.97,46980.0
912,2025,2050.0,629.0,201.0,4.4,True,False,True,False,True,False,True,False,False,False,False,False,False,False,True,False,False,False,False,False,True,46523.566,47520.0
160,2024,0.0,514.0,250.0,3.7,False,True,True,False,True,False,False,False,False,True,False,False,True,False,False,False,False,False,False,False,True,60011.83,61570.0
498,2024,0.0,533.0,217.0,5.0,True,False,True,False,True,False,False,False,False,True,False,False,True,False,False,False,False,True,False,False,False,53798.566,50590.0
1576,2021,64.0,580.0,233.0,4.4,True,False,True,False,False,True,True,False,False,False,False,False,False,False,True,False,False,True,False,False,False,33160.0,32500.0
1218,2025,0.0,533.0,217.0,5.0,True,False,False,False,True,False,False,False,False,True,False,False,False,False,False,False,True,False,False,True,False,53481.152,51655.0
1599,2024,9.0,455.0,217.0,6.9,False,False,False,True,False,True,False,False,False,True,True,False,False,False,False,False,False,True,False,False,False,41768.75,41000.0
1660,2025,0.0,513.0,201.0,6.1,False,False,False,True,True,False,True,False,False,False,False,False,False,False,True,False,False,False,True,False,False,44082.97,44675.0
488,2024,0.0,533.0,217.0,5.0,True,False,True,False,True,False,False,False,False,True,False,False,False,False,False,True,False,True,False,False,False,54192.83,54040.0
1746,2020,109.0,560.0,233.0,4.6,True,False,True,False,False,True,True,False,False,False,False,False,False,False,False,False,True,False,True,False,False,28171.658,27400.0
1680,2025,0.0,455.0,217.0,6.9,False,False,False,False,True,False,False,False,False,True,False,False,False,False,False,False,True,False,True,False,False,42525.035,42225.0
30,2024,5580.0,513.0,201.0,6.1,False,False,False,False,True,False,True,False,False,False,False,True,False,False,False,False,False,False,False,False,True,38421.812,36390.0
56,2024,0.0,629.0,201.0,4.4,True,False,True,False,True,False,True,False,False,False,False,False,False,False,False,True,False,False,False,False,True,49560.062,47470.0
541,2019,51.0,530.0,261.0,3.4,True,True,True,False,False,True,True,False,False,False,True,False,False,False,False,False,False,True,False,False,False,31405.074,33000.0
288,2022,32.0,533.0,217.0,5.0,True,False,False,False,False,True,False,False,False,True,False,False,False,False,False,False,True,False,False,True,False,42247.273,43800.0
1239,2025,0.0,533.0,217.0,5.0,True,False,False,False,True,False,False,False,False,True,False,True,False,False,False,False,False,False,False,True,False,53512.434,53795.0
698,2024,0.0,533.0,217.0,5.0,True,False,True,False,True,False,False,False,False,True,False,False,False,False,False,False,True,False,True,False,False,50618.04,55175.0
939,2025,0.0,576.0,250.0,3.9,False,False,True,False,True,False,False,False,True,False,True,False,False,False,False,False,False,False,False,False,True,115443.03,116170.0
1720,2025,0.0,533.0,217.0,5.0,True,False,True,False,True,False,False,False,False,True,False,True,False,False,False,False,False,False,True,False,False,50805.008,51625.0
967,2025,1317.0,430.0,217.0,6.9,False,False,False,False,True,False,False,False,False,True,False,False,False,False,False,False,True,False,False,False,True,43887.766,42190.0
1461,2025,0.0,533.0,217.0,5.0,True,False,True,False,True,False,False,False,False,True,False,False,False,False,False,False,True,True,False,False,False,55010.785,53340.0
1336,2025,0.0,640.0,201.0,5.2,True,False,False,True,True,False,True,False,False,False,False,True,False,False,False,False,False,True,False,False,False,47850.066,48670.0
126,2024,5127.0,430.0,217.0,6.9,False,False,False,False,True,False,False,False,False,True,False,True,False,False,False,False,False,False,False,False,True,45802.844,45890.0
1503,2025,0.0,514.0,250.0,3.7,False,True,False,False,True,False,False,False,False,True,False,True,False,False,False,False,False,True,False,False,False,59926.61,59290.0
217,2024,0.0,528.0,262.0,3.1,False,True,False,False,True,False,True,False,False,False,False,False,False,False,False,True,False,False,False,True,False,60818.984,61675.0
395,2024,0.0,629.0,201.0,4.4,True,False,True,False,True,False,True,False,False,False,False,False,False,False,True,False,False,True,False,False,False,53839.184,51990.0
583,2022,20.0,514.0,250.0,3.7,False,True,False,False,False,True,False,False,False,True,False,False,False,False,False,False,True,True,False,False,False,45695.88,46400.0
1537,2021,37.0,448.0,225.0,5.6,True,False,False,True,False,True,True,False,False,False,False,False,False,False,False,False,True,True,False,False,False,30994.842,30300.0
1398,2025,11.0,629.0,201.0,4.4,True,False,True,False,True,False,True,False,False,False,False,False,False,False,True,False,False,True,False,False,False,52090.684,52960.0
1733,2025,0.0,514.0,250.0,3.7,False,True,True,False,True,False,False,False,False,True,False,False,False,False,False,True,False,False,True,False,False,57800.914,58925.0
479,2024,0.0,514.0,250.0,3.7,False,True,False,False,True,False,False,False,False,True,False,True,False,False,False,False,False,True,False,False,False,58663.33,55290.0
1796,2020,57.0,440.0,225.0,5.6,False,False,False,True,False,True,True,False,False,False,False,True,False,False,False,False,False,False,True,False,False,29681.52,28700.0
138,2024,3295.0,565.0,217.0,5.9,True,False,False,True,True,False,False,False,False,True,False,False,False,False,False,True,False,False,False,False,True,49324.547,48930.0
1625,2025,0.0,629.0,201.0,4.4,True,False,True,False,True,False,True,False,False,False,False,False,False,False,False,False,True,False,True,False,False,51692.926,52525.0
120,2024,1525.0,533.0,217.0,5.0,True,False,True,False,True,False,False,False,False,True,True,False,False,False,False,False,False,False,False,False,True,50466.37,52480.0
1739,2025,0.0,533.0,217.0,5.0,True,False,True,False,True,False,False,False,False,True,False,False,True,False,False,False,False,False,True,False,False,51349.5,52925.0
1721,2025,0.0,514.0,250.0,3.7,False,True,True,False,True,False,False,False,False,True,False,True,False,False,False,False,False,False,True,False,False,56818.312,56275.0
1195,2025,0.0,543.0,262.0,2.6,False,True,False,False,True,False,False,False,True,False,False,True,False,False,False,False,False,False,False,True,False,122561.016,119575.0
1126,2025,0.0,629.0,201.0,4.4,True,False,False,False,True,False,True,False,False,False,False,True,False,False,False,False,False,False,False,True,False,52324.51,54175.0
214,2024,0.0,629.0,201.0,4.4,True,False,False,False,True,False,True,False,False,False,False,False,False,True,False,False,False,False,False,True,False,52960.473,51275.0
832,2019,58.0,560.0,233.0,4.6,True,False,True,False,False,True,True,False,False,False,False,False,False,True,False,False,False,False,True,False,False,31066.098,31300.0
884,2025,0.0,528.0,262.0,3.1,False,True,True,False,True,False,True,False,False,False,True,False,False,False,False,False,False,False,False,False,True,59442.477,59770.0
1158,2025,0.0,513.0,201.0,6.1,False,False,False,True,True,False,True,False,False,False,False,False,False,False,True,False,False,False,False,True,False,43014.367,44325.0
71,2024,92.0,576.0,250.0,3.9,False,False,True,False,True,False,False,False,True,False,False,False,False,False,False,False,True,False,False,False,True,115507.41,118070.0
598,2024,0.0,513.0,201.0,6.1,False,False,False,True,True,False,True,False,False,False,False,False,False,False,False,False,True,False,True,False,False,42437.855,42175.0
1782,2023,10.0,491.0,225.0,6.1,False,False,False,True,False,True,True,False,False,False,False,False,False,False,False,False,True,False,True,False,False,36510.766,35300.0
279,2024,16.0,629.0,201.0,4.4,True,False,False,False,False,True,True,False,False,False,False,False,False,False,False,False,True,False,False,True,False,48301.066,46500.0
283,2023,14.0,602.0,233.0,3.9,True,False,False,False,False,True,True,False,False,False,False,False,False,True,False,False,False,False,False,True,False,42894.57,44900.0
281,2020,81.0,560.0,233.0,4.6,True,False,False,False,False,True,True,False,False,False,True,False,False,False,False,False,False,False,False,True,False,30404.508,32900.0
608,2024,0.0,528.0,262.0,3.1,False,True,True,False,True,False,True,False,False,False,False,False,False,False,False,False,True,False,True,False,False,58121.934,59675.0
275,2024,0.0,533.0,217.0,5.0,True,False,False,False,True,False,False,False,False,True,False,False,True,False,False,False,False,False,False,True,False,54252.008,52845.0
616,2024,0.0,629.0,201.0,4.4,True,False,True,False,True,False,True,False,False,False,True,False,False,False,False,False,False,False,True,False,False,51714.645,51275.0
263,2024,0.0,514.0,250.0,3.7,False,True,False,False,True,False,False,False,False,True,False,True,False,False,False,False,False,False,False,True,False,58826.0,58455.0
1147,2025,0.0,702.0,201.0,5.2,True,False,False,True,True,False,True,False,False,False,False,False,False,False,False,True,False,False,False,True,False,48627.863,49325.0
110,2024,7.0,514.0,250.0,3.7,False,True,True,False,True,False,False,False,False,True,False,False,False,False,False,False,True,False,False,False,True,55312.89,58280.0
1118,2025,0.0,702.0,201.0,5.2,True,False,False,True,True,False,True,False,False,False,False,True,False,False,False,False,False,False,False,True,False,47630.664,48625.0
1683,2025,0.0,565.0,217.0,5.9,True,False,False,True,True,False,False,False,False,True,False,False,False,False,False,False,True,False,True,False,False,49383.473,48175.0
1180,2025,0.0,576.0,250.0,3.9,False,False,True,False,True,False,False,False,True,False,False,False,False,False,False,False,True,False,False,True,False,114522.22,110975.0
261,2024,0.0,533.0,217.0,5.0,True,False,False,False,True,False,False,False,False,True,False,True,False,False,False,False,False,False,False,True,False,53228.64,56215.0
984,2025,29.0,514.0,250.0,3.7,False,True,True,False,True,False,False,False,False,True,False,False,False,False,False,False,True,False,False,False,True,54627.95,50990.0
1810,2020,61.0,560.0,233.0,4.6,True,False,True,False,False,True,True,False,False,False,False,False,False,True,False,False,False,False,True,False,False,31773.7,31000.0
1818,2021,59.0,580.0,233.0,4.4,True,False,True,False,False,True,True,False,False,False,False,False,False,False,True,False,False,False,True,False,False,33618.996,32700.0
