car_type,price,Ubicación,Tipo de vehículo,year,km,Link
TESLA Model 3 Estandar Plus RWD,27.490 €,Barcelona,Eléctrico,2020,127.000 km,/tesla-model-3-estandar-plus-rwd-4p-electrico-hibrido-2021-en-barcelona-59473401-covo.aspx
TESLA Model Y Traccion Trasera RWD,39.900 €,A Coruña,Eléctrico,2023,46.686 km,/tesla-model-y-traccion-trasera-rwd-5p-electrico-/-hibrido-2021-en-a-coruna-59213550-covo.aspx
TESLA Model 3 Gran Autonomia AWD,31.990 €,Barcelona,Eléctrico,2021,110.000 km,/tesla-model-3-gran-autonomia-awd-4p-electrico-hibrido-2021-en-barcelona-59306995-covo.aspx
TESLA Model 3 Gran Autonomia AWD,26.900 €,Barcelona,Eléctrico,2020,95.000 km,/tesla-model-3-gran-autonomia-awd-4p-electrico-/-hibrido-2019-en-barcelona-59134914-covo.aspx
TESLA Model Y Traccion Trasera RWD,41.900 €,Almería,Eléctrico,2023,12.000 km,/tesla-model-y-traccion-trasera-rwd-5p-electrico-/-hibrido-2021-en-almeria-57997714-covo.aspx
TESLA Model X 100D 4WD,43.700 €,Vizcaya,Eléctrico,2018,98.000 km,/tesla-model-x-100d-4wd-5p-electrico-/-hibrido-2018-en-vizcaya-58464093-covo.aspx
TESLA Model 3 Performance 4WD,32.890 €,Madrid,Eléctrico,2020,65.090 km,/tesla-model-3-performance-4wd-4p-electrico-hibrido-2021-en-madrid-59061009-covo.aspx
TESLA Model 3 Gran Autonomia 4WD,32.975 €,Barcelona,Eléctrico,2021,69.000 km,/tesla-model-3-gran-autonomia-4wd-4p-electrico-/-hibrido-2021-en-barcelona-58969420-covo.aspx
TESLA Model 3 Performance AWD,30.490 €,Madrid,Eléctrico,2019,71.000 km,/tesla-model-3-gran-autonomia-awd-4p-electrico-/-hibrido-2019-en-madrid-59168274-covo.aspx
TESLA Model 3 Performance 4WD,32.890 €,Madrid,Eléctrico,2020,65.090 km,/tesla-model-3-performance-4wd-4p-electrico-hibrido-2021-en-madrid-59414028-covo.aspx
TESLA Model 3 Gran Autonomia 4WD,32.490 €,Madrid,Eléctrico,2021,60.000 km,/tesla-model-3-gran-autonomia-4wd-4p-electrico-/-hibrido-2021-en-madrid-59507088-covo.aspx
TESLA Model 3 Performance AWD,30.900 €,Madrid,Eléctrico,2020,64.000 km,/tesla-model-3-performance-awd-4p-electrico-hibrido-2020-en-madrid-58828321-covo.aspx
TESLA Model X Gran Autonomia 4WD,41.990 €,Girona,Eléctrico,2020,180.000 km,/tesla-model-x-gran-autonomia-4wd-electrico-hibrido-2020-en-girona-54522043-covo.aspx
TESLA Model 3 Gran Autonomia AWD,28.900 €,Málaga,Eléctrico,2021,115.000 km,/tesla-model-3-gran-autonomia-awd-4p-electrico-hibrido-2021-en-malaga-59528528-covo.aspx
TESLA Model X Gran Autonomia Plus 4WD,49.900 €,Madrid,Eléctrico,2021,79.000 km,/tesla-model-x-gran-autonomia-plus-4wd-5p-electrico-hibrido-2021-en-madrid-58661080-covo.aspx
TESLA Model 3 Estandar Plus RWD,19.990 €,Madrid,Eléctrico,2019,139.000 km,/tesla-model-3-estandar-plus-rwd-4p-electrico-hibrido-2019-en-madrid-59432133-covo.aspx
TESLA Model 3 Gran Autonomia AWD,29.890 €,A Coruña,Eléctrico,2021,68.000 km,/tesla-model-3-gran-autonomia-awd-4p-electrico-hibrido-2022-en-a-coruna-59299511-covo.aspx
TESLA Model 3 RWD,33.000 €,Huelva,Eléctrico,2023,23.000 km,/tesla-model-3-rwd-4p-electrico-hibrido-2023-en-huelva-59439421-covo.aspx
TESLA Model X Gran Autonomia 4WD 5p.,49.900 €,Valencia,Eléctrico,2020,38.000 km,/tesla-model-x-gran-autonomia-4wd-5p-electrico-hibrido-2020-en-valencia-58825015-covo.aspx
TESLA Model X Gran Autonomia 4WD,50.000 €,Navarra,Eléctrico,2019,120.000 km,/tesla-model-x-gran-autonomia-4wd-5p-electrico-hibrido-2019-en-navarra-58226808-covo.aspx
TESLA Model 3 RWD,41.500 €,Sevilla,Eléctrico,2024,2490 km,/tesla-model-3-rwd-4p-electrico-/-hibrido-2024-en-sevilla-58985685-covo.aspx
TESLA Model 3 Gran Autonomia AWD,24.490 €,Madrid,Eléctrico,2019,160.000 km,/tesla-model-3-gran-autonomia-awd-4p-electrico-hibrido-2019-en-madrid-59526543-covo.aspx
TESLA Model 3 Gran Autonomia AWD,25.990 €,Madrid,Eléctrico,2019,147.000 km,/tesla-model-3-gran-autonomia-awd-4p-electrico-/-hibrido-2019-en-madrid-59372496-covo.aspx
TESLA Model 3 Gran Autonomia AWD,28.700 €,Madrid,Eléctrico,2022,90.000 km,/tesla-model-3-gran-autonomia-awd-4p-electrico-hibrido-2022-en-madrid-59011501-covo.aspx
TESLA Model 3 Estandar Plus RWD,21.199 €,Barcelona,Eléctrico,2019,143.000 km,/tesla-model-3-estandar-plus-rwd-4p-electrico-hibrido-2019-en-barcelona-59460744-covo.aspx
TESLA Model 3 Gran Autonomia 4WD,27.800 €,Sevilla,Eléctrico,2021,98.000 km,/tesla-model-3-gran-autonomia-4wd-4p-electrico-hibrido-2021-en-malaga-58142646-covo.aspx
TESLA Model X 75D 4WD,31.900 €,Málaga,Eléctrico,2017,200.000 km,/tesla-model-x-75d-4wd-5p-electrico-hibrido-2017-en-malaga-59031679-covo.aspx
TESLA Model 3 Performance AWD,28.990 €,A Coruña,Eléctrico,2019,127.000 km,/tesla-model-3-performance-awd-4p-electrico-hibrido-2019-en-a-coruna-59521511-covo.aspx
TESLA Model S 75D 4WD,29.900 €,Madrid,Eléctrico,2019,138.000 km,/tesla-model-s-75d-4wd-5p-electrico-/-hibrido-2018-en-madrid-59212627-covo.aspx
TESLA Model 3 Gran Autonomia AWD,49.900 €,Valencia,Eléctrico,2024,11.900 km,/tesla-model-3-gran-autonomia-awd-4p-electrico-/-hibrido-2024-en-valencia-58835968-covo.aspx
TESLA Model 3 Gran Autonomia 4WD 4p.,30.900 €,Vizcaya,Eléctrico,2021,135.000 km,/tesla-model-3-gran-autonomia-4wd-4p-electrico-hibrido-2021-en-vizcaya-58401389-covo.aspx
TESLA Model S 75D 4WD,46.500 €,Barcelona,Eléctrico,2019,37.500 km,/tesla-model-s-75d-4wd-5p-electrico-/-hibrido-2018-en-barcelona-57345542-covo.aspx
TESLA Model 3 Gran Autonomia AWD,29.990 €,Almería,Eléctrico,2022,60.000 km,/tesla-model-3-gran-autonomia-awd-4p-electrico-hibrido-2022-en-almeria-59526199-covo.aspx
TESLA Model S Gran Autonomia 4WD,40.500 €,Madrid,Eléctrico,2020,97.250 km,/tesla-model-s-gran-autonomia-4wd-5p-electrico-hibrido-2019-en-madrid-59542278-covo.aspx
TESLA Model 3 Performance AWD,29.990 €,Granada,Eléctrico,2019,58.488 km,/tesla-model-3-performance-awd-4p-electrico-/-hibrido-2019-en-granada-59213113-covo.aspx
TESLA Model 3 Gran Autonomia AWD,23.990 €,Madrid,Eléctrico,2019,190.000 km,/tesla-model-3-gran-autonomia-awd-4p-electrico-/-hibrido-2019-en-madrid-58057558-covo.aspx
TESLA Model Y Traccion Trasera RWD,31.400 €,Valencia,Eléctrico,2022,72.000 km,/tesla-model-y-traccion-trasera-rwd-5p-electrico-hibrido-2022-en-valencia-59277751-covo.aspx
TESLA Model 3 Gran Autonomia AWD,36.400 €,Barcelona,Eléctrico,2023,37.000 km,/tesla-model-3-gran-autonomia-awd-4p-electrico-hibrido-2023-en-barcelona-59456973-covo.aspx
TESLA Model 3 Estandar Plus RWD,22.900 €,Murcia,Eléctrico,2019,133.000 km,/tesla-model-3-estandar-plus-rwd-4p-electrico-hibrido-2019-en-murcia-59543907-covo.aspx
TESLA Model 3 Gran Autonomia AWD,26.490 €,Madrid,Eléctrico,2019,81.803 km,/tesla-model-3-gran-autonomia-awd-4p-electrico-hibrido-2019-en-madrid-59455343-covo.aspx
TESLA Model Y Traccion Trasera RWD,35.250 €,Málaga,Eléctrico,2022,36.413 km,/tesla-model-y-traccion-trasera-rwd-5p-electrico-/-hibrido-2021-en-malaga-58866238-covo.aspx
TESLA Model 3 Gran Autonomia 4WD,33.990 €,Barcelona,Eléctrico,2021,40.000 km,/tesla-model-3-gran-autonomia-4wd-4p-electrico-/-hibrido-2021-en-barcelona-58362678-covo.aspx
TESLA Model S 75D 4WD,34.610 €,Barcelona,Eléctrico,2018,96.553 km,/tesla-model-s-75d-4wd-5p-electrico-/-hibrido-2018-en-barcelona-59139286-covo.aspx
TESLA Model 3 Performance AWD,33.850 €,Barcelona,Eléctrico,2022,48.000 km,/tesla-model-3-performance-awd-4p-electrico-hibrido-2022-en-barcelona-59449697-covo.aspx
TESLA Model 3 Performance AWD,32.980 €,Granada,Eléctrico,2021,44.983 km,/tesla-model-3-performance-awd-4p-electrico-hibrido-2022-en-granada-59477523-covo.aspx
TESLA Model 3 Gran Autonomia AWD,24.990 €,Madrid,Eléctrico,2019,164.000 km,/tesla-model-3-gran-autonomia-awd-4p-electrico-/-hibrido-2019-en-madrid-59372482-covo.aspx
TESLA Model S 90D 4WD,24.900 €,Valencia,Eléctrico,2017,184.000 km,/tesla-model-s-90d-4wd-5p-electrico-/-hibrido-2017-en-valencia-59414914-covo.aspx
TESLA Model S Performance Ludicrous 4WD,45.900 €,Toledo,Eléctrico,2019,49.000 km,/tesla-model-s-performance-ludicrous-4wd-5p-electrico-/-hibrido-2019-en-toledo-59105084-covo.aspx
TESLA Model 3 Gran Autonomia AWD,26.490 €,Madrid,Eléctrico,2019,81.803 km,/tesla-model-3-gran-autonomia-awd-4p-electrico-/-hibrido-2019-en-madrid-59543428-covo.aspx
TESLA Model S 75D 4WD,24.750 €,Madrid,Eléctrico,2018,110.000 km,/tesla-model-s-75d-4wd-5p-electrico-hibrido-2018-en-madrid-58380283-covo.aspx
TESLA Model 3 Estandar Plus RWD,21.500 €,Madrid,Eléctrico,2020,129.446 km,/tesla-model-3-estandar-plus-rwd-4p-electrico-/-hibrido-2019-en-madrid-59123549-covo.aspx
TESLA Model 3 Estandar Plus RWD,22.995 €,Barcelona,Eléctrico,2020,125.000 km,/tesla-model-3-estandar-plus-rwd-4p-electrico-hibrido-2020-en-barcelona-58385790-covo.aspx
TESLA Model 3 Performance AWD 4p.,30.000 €,Pontevedra,Eléctrico,2020,68.000 km,/tesla-model-3-performance-awd-4p-electrico-hibrido-2020-en-pontevedra-58894297-covo.aspx
TESLA Model 3 Gran Autonomia AWD,33.000 €,Valencia,Eléctrico,2023,79.000 km,/tesla-model-3-gran-autonomia-awd-4p-electrico-hibrido-2023-en-valencia-59326256-covo.aspx
TESLA Model 3 Gran Autonomia AWD,28.990 €,Madrid,Eléctrico,2019,39.413 km,/tesla-model-3-gran-autonomia-awd-4p-electrico-hibrido-2019-en-madrid-59364499-covo.aspx
TESLA Model Y Performance 4WD,41.900 €,Madrid,Eléctrico,2022,51.900 km,/tesla-model-y-performance-4wd-5p-electrico-/-hibrido-2021-en-madrid-59392843-covo.aspx
TESLA Model S Gran Autonomia 4WD,42.890 €,Madrid,Eléctrico,2019,89.500 km,/tesla-model-s-gran-autonomia-4wd-5p-electrico-hibrido-2019-en-madrid-59330402-covo.aspx
TESLA Model 3 Gran Autonomia AWD 4p.,29.990 €,Barcelona,Eléctrico,2021,116.000 km,/tesla-model-3-gran-autonomia-awd-4p-electrico-hibrido-2021-en-barcelona-59034201-covo.aspx
TESLA Model X Ludicrous Performance 4WD,54.900 €,Madrid,Eléctrico,2020,93.000 km,/tesla-model-x-ludicrous-performance-4wd-5p-electrico-/-hibrido-2020-en-madrid-58932914-covo.aspx
TESLA Model S Ludicrous Performance 4WD,65.000 €,Lleida,Eléctrico,2020,84.000 km,/tesla-model-s-ludicrous-performance-4wd-5p-electrico-/-hibrido-2020-en-lleida-57288947-covo.aspx
TESLA Model 3 Estandar Plus RWD,20.000 €,Barcelona,Eléctrico,2019,120.000 km,/tesla-model-3-estandar-plus-rwd-4p-electrico-hibrido-2019-en-barcelona-59395320-covo.aspx
TESLA Model 3 Performance 4WD,37.490 €,Madrid,Eléctrico,2021,58.431 km,/tesla-model-3-performance-4wd-4p-electrico-/-hibrido-2021-en-madrid-57611881-covo.aspx
TESLA Model 3 Gran Autonomia AWD,29.999 €,Madrid,Eléctrico,2021,70.000 km,/tesla-model-3-gran-autonomia-awd-4p-electrico-hibrido-2021-en-madrid-58849908-covo.aspx
TESLA Model X 100D 4WD,42.900 €,Alicante,Eléctrico,2018,165.000 km,/tesla-model-x-100d-4wd-5p-electrico-hibrido-2018-en-alicante-56679160-covo.aspx
TESLA Model X 100D 4WD,37.500 €,Barcelona,Eléctrico,2017,130.000 km,/tesla-model-x-100d-4wd-5p-electrico-/-hibrido-2017-en-barcelona-59270073-covo.aspx
TESLA Model 3 Performance AWD,39.900 €,Badajoz,Eléctrico,2021,160.000 km,/tesla-model-3-performance-awd-4p-electrico-hibrido-2021-en-badajoz-59014171-covo.aspx
TESLA Model 3 RWD,27.950 €,Murcia,Eléctrico,2022,54.000 km,/tesla-model-3-rwd-4p-electrico-hibrido-2022-en-murcia-59468367-covo.aspx
TESLA Model 3 Gran Autonomia AWD,27.400 €,Valencia,Eléctrico,2020,61.000 km,/tesla-model-3-gran-autonomia-awd-4p-electrico-hibrido-2019-en-valencia-58474801-covo.aspx
TESLA Model X 100D 4WD,57.995 €,Barcelona,Eléctrico,2018,119.000 km,/tesla-model-x-100d-4wd-electrico-hibrido-2018-en-barcelona-55439393-covo.aspx
TESLA Model 3 Performance AWD,33.850 €,Madrid,Eléctrico,2022,48.000 km,/tesla-model-3-performance-awd-4p-electrico-hibrido-2022-en-madrid-59511213-covo.aspx
TESLA Model 3 Gran Autonomia AWD,22.999 €,Ciudad Real,Eléctrico,2019,114.000 km,/tesla-model-3-gran-autonomia-awd-4p-electrico-hibrido-2019-en-ciudad_real-58771653-covo.aspx
TESLA Model 3 Gran Autonomia AWD,26.990 €,Madrid,Eléctrico,2020,97.000 km,/tesla-model-3-gran-autonomia-awd-4p-electrico-hibrido-2019-en-madrid-59539794-covo.aspx
TESLA Model 3 Performance AWD,37.890 €,Tarragona,Eléctrico,2020,74.862 km,/tesla-model-3-performance-awd-4p-electrico-hibrido-2019-en-tarragona-59514599-covo.aspx
TESLA Model Y Traccion Trasera RWD,46.990 €,Barcelona,Eléctrico,2024,7925 km,/tesla-model-y-traccion-trasera-rwd-5p-electrico-/-hibrido-2021-en-barcelona-59390883-covo.aspx
TESLA Model S 60,22.990 €,Madrid,Eléctrico,2014,148.000 km,/tesla-model-s-60-5p-electrico-/-hibrido-2017-en-madrid-59177020-covo.aspx
TESLA Model 3 Gran Autonomia 4WD,31.990 €,Baleares,Eléctrico,2021,123.603 km,/tesla-model-3-gran-autonomia-4wd-4p-electrico-hibrido-2021-en-baleares-59471955-covo.aspx
TESLA Model 3 RWD,29.560 €,Málaga,Eléctrico,2023,61.586 km,/tesla-model-3-rwd-4p-electrico-hibrido-2023-en-malaga-59276025-covo.aspx
TESLA Model S Ludicrous Performance 4WD,56.990 €,Madrid,Eléctrico,2020,66.056 km,/tesla-model-s-ludicrous-performance-4wd-5p-electrico-/-hibrido-2020-en-madrid-58211574-covo.aspx
TESLA Model S 75D 4WD,30.995 €,Madrid,Eléctrico,2018,61.000 km,/tesla-model-s-75d-4wd-5p-electrico-hibrido-2018-en-madrid-59467651-covo.aspx
TESLA Model 3 Gran Autonomia AWD,24.900 €,Valencia,Eléctrico,2019,128.000 km,/tesla-model-3-gran-autonomia-awd-4p-electrico-hibrido-2019-en-valencia-59476227-covo.aspx
TESLA Model 3 Gran Autonomia 4WD,28.500 €,Madrid,Eléctrico,2020,67.000 km,/tesla-model-3-gran-autonomia-4wd-4p-electrico-hibrido-2020-en-madrid-59340071-covo.aspx
TESLA Model 3 Gran Autonomia AWD,33.998 €,Madrid,Eléctrico,2022,57.525 km,/tesla-model-3-gran-autonomia-awd-4p-electrico-hibrido-2022-en-madrid-59360507-covo.aspx
TESLA Model 3 Gran Autonomia 4WD,33.999 €,Madrid,Eléctrico,2021,8000 km,/tesla-model-3-gran-autonomia-4wd-4p-electrico-hibrido-2021-en-madrid-59505506-covo.aspx
TESLA Model S Autonomia Estandar 4WD,33.900 €,Valencia,Eléctrico,2020,142.000 km,/tesla-model-s-autonomia-estandar-4wd-5p-electrico-hibrido-2019-en-valencia-58650632-covo.aspx
TESLA Model 3 Gran Autonomia AWD 4p.,29.990 €,Ciudad Real,Eléctrico,2019,64.000 km,/tesla-model-3-gran-autonomia-awd-4p-electrico-hibrido-2019-en-ciudad_real-58476564-covo.aspx
TESLA Model Y Traccion Trasera RWD,34.990 €,Madrid,Eléctrico,2022,28.400 km,/tesla-model-y-traccion-trasera-rwd-5p-electrico-hibrido-2021-en-madrid-59497696-covo.aspx
TESLA Model S P100D 4WD,45.000 €,Madrid,Eléctrico,2017,49.000 km,/tesla-model-s-p100d-4wd-5p-electrico-hibrido-2017-en-madrid-59450742-covo.aspx
TESLA Model 3 Gran Autonomia 4WD,31.890 €,Madrid,Eléctrico,2021,98.226 km,/tesla-model-3-gran-autonomia-4wd-4p-electrico-/-hibrido-2021-en-madrid-58416562-covo.aspx
TESLA Model 3 Estandar Plus RWD,23.000 €,Girona,Eléctrico,2019,92.000 km,/tesla-model-3-estandar-plus-rwd-4p-electrico-hibrido-2019-en-girona-59442567-covo.aspx
TESLA Model 3 Gran Autonomia AWD,24.990 €,Madrid,Eléctrico,2019,164.000 km,/tesla-model-3-gran-autonomia-awd-4p-electrico-/-hibrido-2019-en-madrid-59379791-covo.aspx
TESLA Model S Ludicrous Performance 4WD,49.990 €,Salamanca,Eléctrico,2020,94.000 km,/tesla-model-s-ludicrous-performance-4wd-5p-electrico-hibrido-2020-en-salamanca-59302814-covo.aspx
TESLA Model 3 Performance AWD,26.900 €,Zaragoza,Eléctrico,2019,80.000 km,/tesla-model-3-performance-awd-4p-electrico-hibrido-2019-en-zaragoza-59522793-covo.aspx
TESLA Model S 100D 4WD,27.500 €,Barcelona,Eléctrico,2017,211.000 km,/tesla-model-s-100d-4wd-5p-electrico-hibrido-2017-en-barcelona-59273667-covo.aspx
TESLA Model 3 Gran Autonomia AWD,30.300 €,Madrid,Eléctrico,2021,83.862 km,/tesla-model-3-gran-autonomia-awd-4p-electrico-hibrido-2021-en-madrid-59545987-covo.aspx
TESLA Model 3 Estandar Plus RWD,27.490 €,Madrid,Eléctrico,2020,27.277 km,/tesla-model-3-estandar-plus-rwd-4p-electrico-/-hibrido-2019-en-madrid-59242852-covo.aspx
TESLA Model 3 Performance AWD,34.900 €,Madrid,Eléctrico,2021,68.500 km,/tesla-model-3-performance-awd-4p-electrico-hibrido-2021-en-madrid-59441621-covo.aspx
TESLA Model 3 Gran Autonomia AWD,29.990 €,Almería,Eléctrico,2022,60.000 km,/tesla-model-3-gran-autonomia-awd-4p-electrico-/-hibrido-2022-en-almeria-59373203-covo.aspx
TESLA Model 3 RWD,32.900 €,Barcelona,Eléctrico,2023,29.000 km,/tesla-model-3-rwd-4p-electrico-hibrido-2023-en-barcelona-59215920-covo.aspx
TESLA Model 3 Gran Autonomia AWD 4p.,24.000 €,Madrid,Eléctrico,2019,137.183 km,/tesla-model-3-gran-autonomia-awd-4p-electrico-hibrido-2019-en-madrid-58024995-covo.aspx
TESLA Model Y Gran Autonomia Traccion Trasera RWD,47.990 €,Barcelona,Eléctrico,2024,7000 km,/tesla-model-y-gran-autonomia-traccion-trasera-rwd-5p-electrico-/-hibrido-2021-en-barcelona-59232513-covo.aspx
TESLA Model 3 Performance AWD,32.490 €,Granada,Eléctrico,2019,23.832 km,/tesla-model-3-performance-awd-4p-electrico-/-hibrido-2019-en-granada-59213111-covo.aspx
TESLA Model 3 Estandar Plus RWD,27.850 €,Madrid,Eléctrico,2021,54.000 km,/tesla-model-3-estandar-plus-rwd-4p-electrico-hibrido-2021-en-madrid-59323647-covo.aspx
TESLA Model S Ludicrous Performance 4WD,55.900 €,Barcelona,Eléctrico,2020,76.800 km,/tesla-model-s-ludicrous-performance-4wd-5p-electrico-/-hibrido-2020-en-barcelona-59186143-covo.aspx
TESLA Model X 100D 4WD,42.999 €,Madrid,Eléctrico,2019,110.000 km,/tesla-model-x-100d-4wd-5p-electrico-/-hibrido-2018-en-madrid-59200594-covo.aspx
TESLA Model S Ludicrous Performance 4WD,50.950 €,Valencia,Eléctrico,2020,59.999 km,/tesla-model-s-ludicrous-performance-4wd-5p-electrico-/-hibrido-2020-en-valencia-59262553-covo.aspx
TESLA Model 3 Estandar Plus RWD,20.900 €,Murcia,Eléctrico,2019,106.309 km,/tesla-model-3-estandar-plus-rwd-4p-electrico-hibrido-2019-en-murcia-59488661-covo.aspx
TESLA Model 3 Gran Autonomia AWD,27.990 €,Madrid,Eléctrico,2019,53.000 km,/tesla-model-3-gran-autonomia-awd-4p-electrico-/-hibrido-2019-en-madrid-59318079-covo.aspx
TESLA Model 3 Gran Autonomia 4WD,28.475 €,Barcelona,Eléctrico,2021,72.000 km,/tesla-model-3-gran-autonomia-4wd-4p-electrico-/-hibrido-2021-en-barcelona-59138026-covo.aspx
TESLA Model 3 Estandar Plus RWD,27.990 €,Cádiz,Eléctrico,2020,45.063 km,/tesla-model-3-estandar-plus-rwd-4p-electrico-/-hibrido-2019-en-cadiz-59127651-covo.aspx
TESLA Model 3 Performance AWD,29.990 €,Madrid,Eléctrico,2019,165.000 km,/tesla-model-3-performance-awd-4p-electrico-/-hibrido-2019-en-madrid-59079492-covo.aspx
TESLA Model Y Gran Autonomia 4WD,44.490 €,Tarragona,Eléctrico,2022,42.500 km,/tesla-model-y-gran-autonomia-4wd-5p-electrico-hibrido-2021-en-tarragona-59507241-covo.aspx
TESLA Model Y Gran Autonomia 4WD,39.500 €,Barcelona,Eléctrico,2022,65.000 km,/tesla-model-y-gran-autonomia-4wd-5p-electrico-hibrido-2021-en-barcelona-59548568-covo.aspx
TESLA Model S 90D 4WD,27.995 €,Córdoba,Eléctrico,2017,114.000 km,/tesla-model-s-90d-4wd-5p-electrico-/-hibrido-2017-en-cordoba-58755791-covo.aspx
TESLA Model 3 Estandar Plus RWD Shanghai Build,26.900 €,Madrid,Eléctrico,2021,88.000 km,/tesla-model-3-estandar-plus-rwd-shanghai-build-4p-electrico-/-hibrido-2020-en-madrid-59356280-covo.aspx
TESLA Model 3 Estandar Plus RWD,27.490 €,Madrid,Eléctrico,2020,27.277 km,/tesla-model-3-estandar-plus-rwd-4p-electrico-hibrido-2019-en-madrid-59497726-covo.aspx
TESLA Model S 90D 4WD,23.000 €,Alicante,Eléctrico,2017,207.800 km,/tesla-model-s-90d-4wd-5p-electrico-hibrido-2017-en--59118503-covo.aspx
TESLA Model S 90D 4WD,19.900 €,Valencia,Eléctrico,2017,195.000 km,/tesla-model-s-90d-4wd-5p-electrico-hibrido-2017-en-valencia-59224105-covo.aspx
TESLA Model S 75,24.990 €,Albacete,Eléctrico,2016,155.000 km,/tesla-model-s-75-5p-electrico-/-hibrido-2017-en-albacete-58849530-covo.aspx
TESLA Model X 90D 4WD,41.000 €,Baleares,Eléctrico,2017,35.000 km,/tesla-model-x-90d-4wd-5p-electrico-/-hibrido-2017-en-baleares-59336425-covo.aspx
TESLA Model X 100D 4WD,56.890 €,Sevilla,Eléctrico,2018,43.815 km,/tesla-model-x-100d-4wd-5p-electrico-hibrido-2018-en-sevilla-59269622-covo.aspx
TESLA Model S P100D 4WD,45.990 €,Alicante,Eléctrico,2017,49.000 km,/tesla-model-s-p100d-4wd-5p-electrico-/-hibrido-2017-en-alicante-58942675-covo.aspx
TESLA Model 3 Gran Autonomia AWD,27.499 €,Zaragoza,Eléctrico,2022,107.000 km,/tesla-model-3-gran-autonomia-awd-4p-electrico-hibrido-2022-en-zaragoza-58959723-covo.aspx
TESLA Model S Ludicrous Performance 4WD,48.990 €,Madrid,Eléctrico,2020,38.091 km,/tesla-model-s-ludicrous-performance-4wd-5p-electrico-/-hibrido-2020-en-madrid-59478938-covo.aspx
TESLA Model 3 RWD,31.820 €,Vizcaya,Eléctrico,2022,30.797 km,/tesla-model-3-rwd-4p-electrico-/-hibrido-2022-en-vizcaya-59456636-covo.aspx
TESLA Model 3 Gran Autonomia AWD,41.500 €,Lugo,Eléctrico,2022,29.458 km,/tesla-model-3-gran-autonomia-awd-4p-electrico-/-hibrido-2022-en-lugo-57489788-covo.aspx
TESLA Model S 75D 4WD,32.390 €,Alicante,Eléctrico,2018,76.210 km,/tesla-model-s-75d-4wd-5p-electrico-/-hibrido-2018-en-alicante-58797876-covo.aspx
TESLA Model 3 Gran Autonomia AWD 4p.,35.500 €,Tarragona,Eléctrico,2021,65.000 km,/tesla-model-3-gran-autonomia-awd-4p-electrico-hibrido-2021-en-tarragona-58394253-covo.aspx
TESLA Model 3 Performance AWD,28.900 €,Barcelona,Eléctrico,2019,90.000 km,/tesla-model-3-performance-awd-4p-electrico-hibrido-2019-en-barcelona-58154641-covo.aspx
TESLA Model X 100D 4WD,46.000 €,Barcelona,Eléctrico,2018,65.000 km,/tesla-model-x-100d-4wd-5p-electrico-hibrido-2018-en-barcelona-59168312-covo.aspx
TESLA Model 3 Gran Autonomia 4WD,31.890 €,Alicante,Eléctrico,2021,98.226 km,/tesla-model-3-gran-autonomia-4wd-4p-electrico-/-hibrido-2021-en-alicante-58415529-covo.aspx
TESLA Model X 75D 4WD,34.990 €,Barcelona,Eléctrico,2019,119.000 km,/tesla-model-x-75d-4wd-5p-electrico-/-hibrido-2018-en-barcelona-58718927-covo.aspx
TESLA Model S 75,37.000 €,A Coruña,Eléctrico,2017,61.000 km,/tesla-model-s-75-5p-electrico-/-hibrido-2017-en-a-coruna-57836043-covo.aspx
TESLA Model 3 Estandar Plus RWD,32.980 €,Sevilla,Eléctrico,2021,63.776 km,/tesla-model-3-estandar-plus-rwd-4p-electrico-hibrido-2021-en-sevilla-59393818-covo.aspx
TESLA Model S Gran Autonomia Plus 4WD,34.500 €,Cantabria,Eléctrico,2020,55.000 km,/tesla-model-s-gran-autonomia-plus-4wd-5p-electrico-/-hibrido-2020-en-cantabria-59201229-covo.aspx
TESLA Model 3 Performance AWD,42.000 €,Barcelona,Eléctrico,2023,31.000 km,/tesla-model-3-performance-awd-4p-electrico-hibrido-2023-en-barcelona-59338930-covo.aspx
TESLA Model Y Traccion Trasera RWD,36.500 €,Madrid,Eléctrico,2024,10.778 km,/tesla-model-y-traccion-trasera-rwd-5p-electrico-hibrido-2021-en-madrid-59392665-covo.aspx
TESLA Model X Performance,58.590 €,Madrid,Eléctrico,2020,34.162 km,/tesla-model-x-performance-5p-electrico-/-hibrido-2019-en-madrid-59539207-covo.aspx
TESLA Model S 90D 4WD 5p.,25.999 €,Madrid,Eléctrico,2017,260.000 km,/tesla-model-s-90d-4wd-5p-electrico-hibrido-2017-en-madrid-58999473-covo.aspx
TESLA Model 3 Gran Autonomia AWD,29.990 €,Jaén,Eléctrico,2019,90.000 km,/tesla-model-3-gran-autonomia-awd-4p-electrico-/-hibrido-2019-en-jaen-57340890-covo.aspx
TESLA Model S P100D 4WD,44.900 €,Barcelona,Eléctrico,2018,107.000 km,/tesla-model-s-p100d-4wd-5p-electrico-/-hibrido-2018-en-barcelona-59466020-covo.aspx
TESLA Model 3 Gran Autonomia AWD,24.850 €,Barcelona,Eléctrico,2020,128.000 km,/tesla-model-3-gran-autonomia-awd-4p-electrico-hibrido-2019-en-barcelona-59504048-covo.aspx
TESLA Model 3 RWD,31.820 €,Guipúzcoa,Eléctrico,2022,30.797 km,/tesla-model-3-rwd-4p-electrico-/-hibrido-2022-en-guipuzcoa-59506432-covo.aspx
TESLA Model X 100D 4WD,47.500 €,Girona,Eléctrico,2019,117.000 km,/tesla-model-x-100d-4wd-5p-electrico-hibrido-2019-en-girona-58889439-covo.aspx
TESLA Model S P100D 4WD,40.000 €,A Coruña,Eléctrico,2018,103.073 km,/tesla-model-s-p100d-4wd-5p-electrico-hibrido-2018-en-a-coruna-59559557-covo.aspx
TESLA Model 3 Gran Autonomia AWD,23.990 €,Madrid,Eléctrico,2019,190.000 km,/tesla-model-3-gran-autonomia-awd-4p-electrico-/-hibrido-2019-en-madrid-58352633-covo.aspx
TESLA Model 3 Gran Autonomia AWD,31.500 €,Valencia,Eléctrico,2022,49.990 km,/tesla-model-3-gran-autonomia-awd-4p-electrico-/-hibrido-2022-en-valencia-59244428-covo.aspx
TESLA Model 3 Estandar Plus RWD,21.999 €,Madrid,Eléctrico,2019,104.000 km,/tesla-model-3-estandar-plus-rwd-4p-electrico-hibrido-2019-en-madrid-59451038-covo.aspx
TESLA Model X Gran Autonomia Plus 4WD,54.900 €,Barcelona,Eléctrico,2021,58.000 km,/tesla-model-x-gran-autonomia-plus-4wd-5p-electrico-/-hibrido-2020-en-barcelona-58880597-covo.aspx
TESLA Model 3 Estandar Plus RWD,31.800 €,Valencia,Eléctrico,2020,124.645 km,/tesla-model-3-estandar-plus-rwd-4p-electrico-/-hibrido-2019-en-valencia-59345586-covo.aspx
TESLA Model S 75D 4WD,22.990 €,A Coruña,Eléctrico,2018,190.000 km,/tesla-model-s-75d-4wd-5p-electrico-hibrido-2018-en-a_coruna-58028947-covo.aspx
TESLA MODEL S 85 D,29.900 €,Lugo,Eléctrico,2015,180.000 km,/tesla-model-s-85-d-electrico-hibrido-2017-en-lugo-59307176-covo.aspx
TESLA Model X 90D 4WD,37.900 €,Barcelona,Eléctrico,2017,74.000 km,/tesla-model-x-90d-4wd-5p-electrico-/-hibrido-2017-en-barcelona-58672275-covo.aspx
TESLA Model Y Traccion Trasera RWD 5p.,34.900 €,Madrid,Eléctrico,2022,69.000 km,/tesla-model-y-traccion-trasera-rwd-5p-electrico-hibrido-2022-en-madrid-59128049-covo.aspx
TESLA Model S 100D 4WD,34.500 €,Barcelona,Eléctrico,2017,85.000 km,/tesla-model-s-100d-4wd-5p-electrico-/-hibrido-2017-en-barcelona-59260640-covo.aspx
TESLA Model 3 Performance 4WD,34.990 €,Madrid,Eléctrico,2021,62.113 km,/tesla-model-3-performance-4wd-4p-electrico-hibrido-2021-en-madrid-59505000-covo.aspx
TESLA Model Y Traccion Trasera RWD,33.500 €,Madrid,Eléctrico,2023,35.000 km,/tesla-model-y-traccion-trasera-rwd-5p-electrico-hibrido-2023-en-madrid-59163496-covo.aspx
TESLA Model 3 Gran Autonomia AWD,28.000 €,Madrid,Eléctrico,2020,72.000 km,/tesla-model-3-gran-autonomia-awd-4p-electrico-hibrido-2020-en-madrid-59278672-covo.aspx
TESLA Model Y Performance 4WD,45.000 €,Madrid,Eléctrico,2023,36.000 km,/tesla-model-y-performance-4wd-5p-electrico-hibrido-2023-en-madrid-59408691-covo.aspx
TESLA Model 3 Gran Autonomia AWD,44.900 €,Murcia,Eléctrico,2024,16.700 km,/tesla-model-3-gran-autonomia-awd-4p-electrico-/-hibrido-2024-en-murcia-59196319-covo.aspx
TESLA Model X 100D 4WD,39.990 €,Barcelona,Eléctrico,2018,112.000 km,/tesla-model-x-100d-4wd-5p-electrico-/-hibrido-2018-en-barcelona-59014274-covo.aspx
TESLA Model 3 Estandar Plus RWD,24.500 €,Vizcaya,Eléctrico,2019,98.000 km,/tesla-model-3-estandar-plus-rwd-4p-electrico-/-hibrido-2019-en-vizcaya-58741763-covo.aspx
TESLA Model 3 Performance AWD,32.000 €,Burgos,Eléctrico,2022,80.500 km,/tesla-model-3-performance-awd-4p-electrico-hibrido-2022-en-madrid-59372350-covo.aspx
TESLA Model 3 Estandar Plus RWD,17.900 €,Vizcaya,Eléctrico,2020,201.000 km,/tesla-model-3-estandar-plus-rwd-4p-electrico-hibrido-2019-en-vizcaya-59506370-covo.aspx
TESLA Model S 75,23.000 €,Valencia,Eléctrico,2017,180.000 km,/tesla-model-s-75-5p-electrico-hibrido-2017-en-valencia-59552969-covo.aspx
TESLA Model X Gran Autonomia 4WD,85.000 €,Madrid,Eléctrico,2023,26.000 km,/tesla-model-x-gran-autonomia-4wd-5p-electrico-hibrido-2023-en-madrid-59428720-covo.aspx
TESLA Model S 90D 4WD,25.990 €,Madrid,Eléctrico,2015,98.000 km,/tesla-model-s-90d-4wd-5p-electrico-hibrido-2017-en-madrid-59530514-covo.aspx
TESLA Model 3 Gran Autonomia AWD 4p.,29.900 €,Madrid,Eléctrico,2021,100.000 km,/tesla-model-3-gran-autonomia-awd-4p-electrico-hibrido-2021-en-madrid-59048964-covo.aspx
TESLA Model 3 RWD,35.500 €,Lugo,Eléctrico,2022,44.580 km,/tesla-model-3-rwd-4p-electrico-/-hibrido-2022-en-lugo-57489787-covo.aspx
TESLA Model Y Gran Autonomia 4WD,38.900 €,Madrid,Eléctrico,2023,69.200 km,/tesla-model-y-gran-autonomia-4wd-5p-electrico-hibrido-2023-en-madrid-59002288-covo.aspx
TESLA Model 3 Gran Autonomia AWD,23.900 €,Barcelona,Eléctrico,2019,155.307 km,/tesla-model-3-gran-autonomia-awd-4p-electrico-hibrido-2019-en-barcelona-59489601-covo.aspx
TESLA Model 3 Estandar Plus RWD,23.900 €,Toledo,Eléctrico,2019,95.000 km,/tesla-model-3-estandar-plus-rwd-4p-electrico-/-hibrido-2019-en-toledo-59065165-covo.aspx
TESLA Model 3 Performance AWD,32.000 €,Barcelona,Eléctrico,2020,88.000 km,/tesla-model-3-performance-awd-4p-electrico-hibrido-2020-en-barcelona-59248978-covo.aspx
TESLA Model 3 Gran Autonomia 4WD,32.450 €,Valencia,Eléctrico,2021,33.340 km,/tesla-model-3-gran-autonomia-4wd-4p-electrico-hibrido-2021-en-valencia-58808935-covo.aspx
TESLA Model 3 Gran Autonomia AWD,27.990 €,Palencia,Eléctrico,2020,78.436 km,/tesla-model-3-gran-autonomia-awd-4p-electrico-hibrido-2019-en-palencia-59311553-covo.aspx
TESLA Model 3 Estandar Plus RWD,24.900 €,Toledo,Eléctrico,2019,88.000 km,/tesla-model-3-estandar-plus-rwd-4p-electrico-/-hibrido-2019-en-toledo-59361795-covo.aspx
TESLA Model 3 RWD,27.850 €,Barcelona,Eléctrico,2022,65.000 km,/tesla-model-3-rwd-4p-electrico-hibrido-2022-en-barcelona-59341513-covo.aspx
TESLA Model 3 Gran Autonomia AWD,25.900 €,Murcia,Eléctrico,2020,129.000 km,/tesla-model-3-gran-autonomia-awd-4p-electrico-hibrido-2019-en-murcia-59535246-covo.aspx
TESLA Model 3 Gran Autonomia AWD,48.900 €,Madrid,Eléctrico,2024,1 km,/tesla-model-3-gran-autonomia-awd-4p-electrico-hibrido-2024-en-madrid-59463412-covo.aspx
TESLA Model S 100D 4WD,35.500 €,Madrid,Eléctrico,2018,148.000 km,/tesla-model-s-100d-4wd-5p-electrico-hibrido-2018-en-madrid-58959820-covo.aspx
TESLA Model Y Traccion Trasera RWD,34.997 €,A Coruña,Eléctrico,2022,27.200 km,/tesla-model-y-traccion-trasera-rwd-5p-electrico-hibrido-2022-en-a_coruna-59261776-covo.aspx
TESLA Model 3 Gran Autonomia 4WD,28.970 €,Granada,Eléctrico,2021,87.523 km,/tesla-model-3-gran-autonomia-4wd-4p-electrico-hibrido-2021-en-granada-59097857-covo.aspx
TESLA Model 3 Gran Autonomia 4WD,31.890 €,Málaga,Eléctrico,2021,98.226 km,/tesla-model-3-gran-autonomia-4wd-4p-electrico-hibrido-2021-en-malaga-58417504-covo.aspx
TESLA Model 3 Estandar Plus RWD,32.990 €,Barcelona,Eléctrico,2021,32.000 km,/tesla-model-3-estandar-plus-rwd-4p-electrico-/-hibrido-2021-en-barcelona-59478974-covo.aspx
TESLA Model 3 Performance AWD 4p.,34.500 €,Málaga,Eléctrico,2019,109.000 km,/tesla-model-3-performance-awd-4p-electrico-hibrido-2019-en-malaga-58919681-covo.aspx
TESLA Model Y Traccion Trasera RWD,35.250 €,Almería,Eléctrico,2022,36.413 km,/tesla-model-y-traccion-trasera-rwd-5p-electrico-hibrido-2021-en-almeria-58869502-covo.aspx
TESLA Model S Gran Autonomia 4WD,42.890 €,Madrid,Eléctrico,2019,89.500 km,/tesla-model-s-gran-autonomia-4wd-5p-electrico-/-hibrido-2019-en-madrid-59513431-covo.aspx
TESLA Model 3 Gran Autonomia 4WD,29.000 €,Valencia,Eléctrico,2021,113.800 km,/tesla-model-3-gran-autonomia-4wd-4p-electrico-hibrido-2021-en-valencia-59377436-covo.aspx
TESLA Model 3 Performance AWD,39.900 €,Madrid,Eléctrico,2021,59.000 km,/tesla-model-3-performance-awd-4p-electrico-/-hibrido-2022-en-madrid-59356229-covo.aspx
TESLA Model 3 Performance AWD,39.990 €,Barcelona,Eléctrico,2023,14.000 km,/tesla-model-3-performance-awd-4p-electrico-hibrido-2022-en-barcelona-58718811-covo.aspx
TESLA Model X 90D 4WD,34.995 €,Madrid,Eléctrico,2017,188.000 km,/tesla-model-x-90d-4wd-5p-electrico-hibrido-2017-en-madrid-58909980-covo.aspx
TESLA Model 3 Gran Autonomia AWD,37.990 €,Madrid,Eléctrico,2023,12 km,/tesla-model-3-gran-autonomia-awd-4p-electrico-/-hibrido-2022-en-madrid-59013761-covo.aspx
TESLA Model Y Traccion Trasera RWD,35.250 €,Valencia,Eléctrico,2023,29.000 km,/tesla-model-y-traccion-trasera-rwd-5p-electrico-hibrido-2023-en-valencia-59360556-covo.aspx
TESLA Model 3 Estandar Plus RWD 4p.,27.700 €,Madrid,Eléctrico,2019,84.000 km,/tesla-model-3-estandar-plus-rwd-4p-electrico-hibrido-2019-en-madrid-58909523-covo.aspx
TESLA Model S Gran Autonomia 4WD,42.000 €,Madrid,Eléctrico,2020,58.000 km,/tesla-model-s-gran-autonomia-4wd-5p-electrico-hibrido-2020-en-madrid-58898374-covo.aspx
TESLA Model X 100D 4WD,34.890 €,Madrid,Eléctrico,2018,55.000 km,/tesla-model-x-100d-4wd-5p-electrico-hibrido-2018-en-madrid-59447147-covo.aspx
TESLA Model S Ludicrous Performance 4WD,55.900 €,Murcia,Eléctrico,2020,52.000 km,/tesla-model-s-ludicrous-performance-4wd-5p-electrico-/-hibrido-2020-en-murcia-58332622-covo.aspx
TESLA Model S 75,18.500 €,Navarra,Eléctrico,2017,380.000 km,/tesla-model-s-75-5p-electrico-hibrido-2017-en-navarra-59182594-covo.aspx
TESLA Model Y Traccion Trasera RWD,40.990 €,Almería,Eléctrico,2024,11.421 km,/tesla-model-y-traccion-trasera-rwd-5p-electrico-hibrido-2021-en-almeria-59542822-covo.aspx
TESLA Model 3 Gran Autonomia AWD,26.850 €,Barcelona,Eléctrico,2020,77.000 km,/tesla-model-3-gran-autonomia-awd-4p-electrico-hibrido-2019-en-barcelona-59504014-covo.aspx
TESLA Model 3 Gran Autonomia RWD,26.000 €,Madrid,Eléctrico,2019,148.000 km,/tesla-model-3-gran-autonomia-rwd-4p-electrico-hibrido-2019-en-madrid-59035141-covo.aspx
TESLA Model 3 Estandar Plus RWD,31.500 €,Sevilla,Eléctrico,2021,49.000 km,/tesla-model-3-estandar-plus-rwd-4p-electrico-hibrido-2021-en-sevilla-59175632-covo.aspx
TESLA Model Y Gran Autonomia 4WD,43.000 €,Girona,Eléctrico,2022,60.000 km,/tesla-model-y-gran-autonomia-4wd-5p-electrico-hibrido-2022-en-girona-59536190-covo.aspx
TESLA Model S 90D 4WD,27.990 €,Asturias,Eléctrico,2017,215.000 km,/tesla-model-s-90d-4wd-5p-electrico-/-hibrido-2017-en-asturias-58062567-covo.aspx
TESLA Model 3 Gran Autonomia AWD,37.890 €,Málaga,Eléctrico,2023,55.852 km,/tesla-model-3-gran-autonomia-awd-4p-electrico-/-hibrido-2022-en-malaga-59288971-covo.aspx
TESLA Model S P100D 4WD 5p.,49.990 €,Madrid,Eléctrico,2018,81.000 km,/tesla-model-s-p100d-4wd-5p-electrico-hibrido-2018-en-madrid-54437459-covo.aspx
TESLA Model 3 Gran Autonomia AWD,28.890 €,A Coruña,Eléctrico,2020,90.000 km,/tesla-model-3-gran-autonomia-awd-4p-electrico-/-hibrido-2019-en-a-coruna-59216958-covo.aspx
TESLA Model 3 Performance 4WD,37.900 €,Barcelona,Eléctrico,2022,55.000 km,/tesla-model-3-performance-4wd-4p-electrico-/-hibrido-2021-en-barcelona-58378402-covo.aspx
TESLA Model X Autonomia Estandar 4WD,51.000 €,Barcelona,Eléctrico,2019,80.000 km,/tesla-model-x-autonomia-estandar-4wd-5p-electrico-hibrido-2019-en-barcelona-59436650-covo.aspx
TESLA Model S 75D 4WD,22.800 €,Ciudad Real,Eléctrico,2019,189.000 km,/tesla-model-s-75d-4wd-5p-electrico-hibrido-2018-en-ciudad-real-57302255-covo.aspx
TESLA Model 3 Gran Autonomia 4WD,33.990 €,Madrid,Eléctrico,2021,42.901 km,/tesla-model-3-gran-autonomia-4wd-4p-electrico-hibrido-2021-en-madrid-59462704-covo.aspx
TESLA Model 3 Gran Autonomia 4WD,34.500 €,Murcia,Eléctrico,2021,44.974 km,/tesla-model-3-gran-autonomia-4wd-4p-electrico-/-hibrido-2021-en-murcia-59361946-covo.aspx
TESLA Model 3 Estandar Plus RWD,25.490 €,Madrid,Eléctrico,2019,87.000 km,/tesla-model-3-estandar-plus-rwd-4p-electrico-hibrido-2019-en-madrid-59477861-covo.aspx
TESLA Model 3 Performance AWD,28.990 €,Madrid,Eléctrico,2019,172.000 km,/tesla-model-3-performance-awd-4p-electrico-hibrido-2019-en-madrid-59337243-covo.aspx
TESLA Model 3 Estandar Plus RWD,24.700 €,Valencia,Eléctrico,2021,41.600 km,/tesla-model-3-estandar-plus-rwd-4p-electrico-/-hibrido-2021-en-valencia-59177879-covo.aspx
TESLA Model 3 Gran Autonomia 4WD 4p.,33.000 €,Valencia,Eléctrico,2020,79.000 km,/tesla-model-3-gran-autonomia-4wd-4p-electrico-hibrido-2020-en-valencia-58195191-covo.aspx
TESLA Model 3 Performance 4WD,32.999 €,Córdoba,Eléctrico,2020,72.500 km,/tesla-model-3-performance-4wd-4p-electrico-hibrido-2021-en-cordoba-59517677-covo.aspx
TESLA Model 3 Gran Autonomia AWD,32.900 €,Alicante,Eléctrico,2021,32.000 km,/tesla-model-3-gran-autonomia-awd-4p-electrico-hibrido-2022-en-alicante-59553366-covo.aspx
TESLA Model 3 RWD,29.900 €,Madrid,Eléctrico,2022,45.000 km,/tesla-model-3-rwd-4p-electrico-/-hibrido-2022-en-madrid-59524018-covo.aspx
TESLA Model 3 Performance AWD,37.990 €,Barcelona,Eléctrico,2022,25.000 km,/tesla-model-3-performance-awd-4p-electrico-/-hibrido-2022-en-barcelona-59114399-covo.aspx
TESLA Model 3 Gran Autonomia AWD,29.900 €,Madrid,Eléctrico,2020,116.000 km,/tesla-model-3-gran-autonomia-awd-4p-electrico-/-hibrido-2019-en-madrid-59356270-covo.aspx
TESLA Model 3 RWD,32.750 €,Girona,Eléctrico,2022,35.346 km,/tesla-model-3-rwd-4p-electrico-hibrido-2022-en-girona-59532333-covo.aspx
TESLA Model 3 Gran Autonomia AWD,26.490 €,Madrid,Eléctrico,2019,81.803 km,/tesla-model-3-gran-autonomia-awd-4p-electrico-/-hibrido-2019-en-madrid-59505774-covo.aspx
TESLA Model S 75D 4WD,42.995 €,Barcelona,Eléctrico,2018,69.946 km,/tesla-model-s-75d-4wd-electrico-hibrido-2018-en-barcelona-55618020-covo.aspx
TESLA Model X 75D 4WD,35.600 €,Alicante,Eléctrico,2018,72.365 km,/tesla-model-x-75d-4wd-5p-electrico-/-hibrido-2018-en-alicante-58903272-covo.aspx
TESLA Model 3 Gran Autonomia 4WD,28.300 €,Barcelona,Eléctrico,2021,149.000 km,/tesla-model-3-gran-autonomia-4wd-4p-electrico-hibrido-2021-en-barcelona-58993392-covo.aspx
TESLA Model 3 Gran Autonomia AWD,26.900 €,Vizcaya,Eléctrico,2019,127.000 km,/tesla-model-3-gran-autonomia-awd-4p-electrico-/-hibrido-2019-en-vizcaya-58803449-covo.aspx
TESLA Model 3 Gran Autonomia AWD,29.850 €,Madrid,Eléctrico,2020,26.000 km,/tesla-model-3-gran-autonomia-awd-4p-electrico-hibrido-2019-en-madrid-59504100-covo.aspx
TESLA Model S 75D 4WD,38.900 €,Murcia,Eléctrico,2019,39.000 km,/tesla-model-s-75d-4wd-5p-electrico-hibrido-2019-en-murcia-59515361-covo.aspx
TESLA Model X 90D 4WD,33.500 €,Valencia,Eléctrico,2017,207.315 km,/tesla-model-x-90d-4wd-5p-electrico-/-hibrido-2017-en-valencia-59102827-covo.aspx
TESLA Model X 100D 4WD,54.990 €,Vizcaya,Eléctrico,2019,85.000 km,/tesla-model-x-100d-4wd-5p-electrico-hibrido-2018-en-vizcaya-55385655-covo.aspx
TESLA Model X P100D 4WD,41.990 €,Madrid,Eléctrico,2018,89.000 km,/tesla-model-x-p100d-4wd-5p-electrico-hibrido-2018-en-madrid-59463279-covo.aspx
TESLA Model 3 Performance 4WD,34.990 €,Barcelona,Eléctrico,2021,65.000 km,/tesla-model-3-performance-4wd-4p-electrico-/-hibrido-2021-en-barcelona-58686224-covo.aspx
TESLA Model S 100D 4WD 5p.,44.990 €,Murcia,Eléctrico,2018,98.500 km,/tesla-model-s-100d-4wd-5p-electrico-hibrido-2018-en-murcia-57485180-covo.aspx
TESLA Model 3 Gran Autonomia RWD,25.900 €,Vizcaya,Eléctrico,2019,123.000 km,/tesla-model-3-gran-autonomia-rwd-4p-electrico-/-hibrido-2019-en-vizcaya-59140809-covo.aspx
TESLA Model 3 Gran Autonomia RWD,45.000 €,Asturias,Eléctrico,2024,3000 km,/tesla-model-3-gran-autonomia-rwd-4p-electrico-hibrido-2024-en-asturias-59526397-covo.aspx
TESLA Model 3 Performance AWD,35.800 €,Barcelona,Eléctrico,2021,34.737 km,/tesla-model-3-performance-awd-4p-electrico-hibrido-2021-en-barcelona-59452624-covo.aspx
TESLA Model 3 Gran Autonomia AWD,23.950 €,Valencia,Eléctrico,2020,155.000 km,/tesla-model-3-gran-autonomia-awd-4p-electrico-hibrido-2019-en-valencia-59476115-covo.aspx
TESLA Model 3 RWD 4p.,23.500 €,Tarragona,Eléctrico,2021,112.000 km,/tesla-model-3-rwd-4p-electrico-hibrido-2021-en-tarragona-59076024-covo.aspx
TESLA Model 3 RWD,41.500 €,Badajoz,Eléctrico,2024,2490 km,/tesla-model-3-rwd-4p-electrico-/-hibrido-2024-en-badajoz-58985787-covo.aspx
TESLA Model S 100D 4WD,39.900 €,Málaga,Eléctrico,2018,94.000 km,/tesla-model-s-100d-4wd-5p-electrico-hibrido-2018-en-malaga-59455001-covo.aspx
TESLA Model Y Gran Autonomia 4WD,38.900 €,Valencia,Eléctrico,2022,42.000 km,/tesla-model-y-gran-autonomia-4wd-5p-electrico-hibrido-2021-en-valencia-59470499-covo.aspx
TESLA Model 3 RWD,36.500 €,Barcelona,Eléctrico,2024,8150 km,/tesla-model-3-rwd-4p-electrico-hibrido-2024-en-barcelona-59263614-covo.aspx
TESLA Model 3 Gran Autonomia AWD,24.000 €,Murcia,Eléctrico,2020,150.000 km,/tesla-model-3-gran-autonomia-awd-4p-electrico-hibrido-2020-en-murcia-59016979-covo.aspx
TESLA Model 3 Gran Autonomia AWD,25.940 €,Madrid,Eléctrico,2019,124.839 km,/tesla-model-3-gran-autonomia-awd-4p-electrico-/-hibrido-2019-en-madrid-59055251-covo.aspx
TESLA Model Y Gran Autonomia 4WD,14.900 €,Madrid,Eléctrico,2023,3200 km,/tesla-model-y-gran-autonomia-4wd-5p-electrico-/-hibrido-2021-en-madrid-59367556-covo.aspx
TESLA Model S Performance Ludicrous 4WD,47.900 €,Sta. C. Tenerife,Eléctrico,2019,60.000 km,/tesla-model-s-performance-ludicrous-4wd-5p-electrico-hibrido-2019-en-sta_c_tenerife-58494977-covo.aspx
TESLA Model 3 RWD,29.800 €,Valencia,Eléctrico,2022,40.500 km,/tesla-model-3-rwd-4p-electrico-hibrido-2022-en-valencia-59507083-covo.aspx
TESLA Model X 75D 4WD,49.995 €,Barcelona,Eléctrico,2018,88.281 km,/tesla-model-x-75d-4wd-electrico-hibrido-2018-en-barcelona-55440499-covo.aspx
TESLA Model 3 Gran Autonomia AWD 4p.,21.950 €,Madrid,Eléctrico,2020,218.000 km,/tesla-model-3-gran-autonomia-awd-4p-electrico-hibrido-2020-en-madrid-58997159-covo.aspx
TESLA Model 3 Gran Autonomia AWD,24.850 €,Madrid,Eléctrico,2020,128.000 km,/tesla-model-3-gran-autonomia-awd-4p-electrico-hibrido-2019-en-madrid-59504096-covo.aspx
TESLA Model 3 Performance AWD,33.890 €,Madrid,Eléctrico,2021,54.000 km,/tesla-model-3-performance-awd-4p-electrico-hibrido-2021-en-madrid-59324961-covo.aspx
TESLA Model S P100D 4WD,59.900 €,Lugo,Eléctrico,2017,56.000 km,/tesla-model-s-p100d-4wd-5p-electrico-/-hibrido-2017-en-lugo-59364075-covo.aspx
TESLA Model 3 Gran Autonomia AWD,23.500 €,Sevilla,Eléctrico,2020,196.000 km,/tesla-model-3-gran-autonomia-awd-4p-electrico-hibrido-2020-en-sevilla-59531844-covo.aspx
TESLA Model 3 Gran Autonomia AWD,29.990 €,Castellón,Eléctrico,2019,78.000 km,/tesla-model-s-gran-autonomia-4wd-5p-electrico-/-hibrido-2019-en-castellon-57919662-covo.aspx
TESLA Model X 90D 4WD,49.900 €,Málaga,Eléctrico,2017,133.500 km,/tesla-model-x-90d-4wd-5p-electrico-/-hibrido-2017-en-malaga-58107420-covo.aspx
TESLA Model Y Gran Autonomia Traccion Trasera RWD,32.650 €,Girona,Eléctrico,2021,96.000 km,/tesla-model-y-gran-autonomia-traccion-trasera-rwd-5p-electrico-/-hibrido-2021-en-girona-59473497-covo.aspx
TESLA Model 3 Estandar Plus RWD,22.999 €,Madrid,Eléctrico,2019,162.000 km,/tesla-model-3-estandar-plus-rwd-4p-electrico-hibrido-2019-en-madrid-59406095-covo.aspx
TESLA Model X 90D 4WD,33.990 €,Madrid,Eléctrico,2017,99.000 km,/tesla-model-x-90d-4wd-5p-electrico-/-hibrido-2017-en-madrid-58504289-covo.aspx
TESLA Model 3 Gran Autonomia AWD,27.900 €,Valencia,Eléctrico,2019,125.000 km,/tesla-model-3-gran-autonomia-awd-4p-electrico-hibrido-2019-en-valencia-58203979-covo.aspx
TESLA Model S 75D 4WD,46.500 €,Valencia,Eléctrico,2019,37.500 km,/tesla-model-s-75d-4wd-5p-electrico-/-hibrido-2018-en-valencia-57346140-covo.aspx
TESLA Model 3 RWD,34.000 €,Madrid,Eléctrico,2024,8000 km,/tesla-model-3-rwd-4p-electrico-hibrido-2024-en-madrid-59251217-covo.aspx
TESLA Model 3 Gran Autonomia AWD,20.990 €,Alicante,Eléctrico,2019,189.900 km,/tesla-model-3-gran-autonomia-awd-4p-electrico-hibrido-2019-en-alicante-59271658-covo.aspx
TESLA Model 3 Gran Autonomia AWD,31.900 €,Valencia,Eléctrico,2021,69.800 km,/tesla-model-3-gran-autonomia-awd-4p-electrico-hibrido-2022-en-valencia-59476517-covo.aspx
TESLA Model 3 Performance AWD,24.990 €,Cantabria,Eléctrico,2019,116.000 km,/tesla-model-3-performance-awd-4p-electrico-hibrido-2019-en-cantabria-59345467-covo.aspx
TESLA Model 3 RWD,31.900 €,Valencia,Eléctrico,2022,65.672 km,/tesla-model-3-rwd-4p-electrico-hibrido-2022-en-valencia-59506348-covo.aspx
TESLA Model S 75,31.500 €,Barcelona,Eléctrico,2017,182.000 km,/tesla-model-s-75-5p-electrico-hibrido-2017-en-barcelona-59518954-covo.aspx
TESLA Model S 100D 4WD,32.500 €,Málaga,Eléctrico,2018,114.000 km,/tesla-model-s-100d-4wd-5p-electrico-/-hibrido-2018-en-malaga-59456011-covo.aspx
TESLA Model 3 Gran Autonomia AWD,25.500 €,Granada,Eléctrico,2019,114.000 km,/tesla-model-3-gran-autonomia-awd-4p-electrico-hibrido-2019-en-granada-59307728-covo.aspx
TESLA Model X 75D 4WD,36.000 €,Madrid,Eléctrico,2018,47.000 km,/tesla-model-x-75d-4wd-5p-electrico-hibrido-2018-en-madrid-59380316-covo.aspx
TESLA Model 3 Gran Autonomia AWD,27.000 €,Cantabria,Eléctrico,2019,127.150 km,/tesla-model-3-gran-autonomia-awd-4p-electrico-hibrido-2019-en-cantabria-59406107-covo.aspx
TESLA Model 3 Performance 4WD,32.890 €,Sevilla,Eléctrico,2020,65.090 km,/tesla-model-3-performance-4wd-4p-electrico-hibrido-2021-en-sevilla-59194903-covo.aspx
TESLA Model X 75D 4WD,35.000 €,Guadalajara,Eléctrico,2017,82.000 km,/tesla-model-x-75d-4wd-5p-electrico-hibrido-2017-en-guadalajara-58264790-covo.aspx
TESLA Model 3 Gran Autonomia AWD,29.000 €,Madrid,Eléctrico,2021,100.000 km,/tesla-model-3-gran-autonomia-awd-4p-electrico-hibrido-2021-en-madrid-59438170-covo.aspx
TESLA Model 3 Gran Autonomia AWD,30.500 €,Valencia,Eléctrico,2022,54.000 km,/tesla-model-3-gran-autonomia-awd-4p-electrico-hibrido-2022-en-valencia-59280231-covo.aspx
TESLA Model Y Gran Autonomia 4WD,50.900 €,Madrid,Eléctrico,2024,5000 km,/tesla-model-y-gran-autonomia-4wd-5p-electrico-/-hibrido-2021-en-madrid-59291528-covo.aspx
TESLA Model 3 Performance AWD,40.990 €,Zaragoza,Eléctrico,2023,29.000 km,/tesla-model-3-performance-awd-4p-electrico-hibrido-2023-en-zaragoza-59461297-covo.aspx
TESLA Model 3 Gran Autonomia AWD,23.950 €,Ciudad Real,Eléctrico,2020,143.884 km,/tesla-model-3-gran-autonomia-awd-4p-electrico-/-hibrido-2019-en-ciudad-real-59092125-covo.aspx
TESLA Model 3 Gran Autonomia AWD,27.500 €,Madrid,Eléctrico,2019,39.000 km,/tesla-model-3-gran-autonomia-awd-4p-electrico-/-hibrido-2019-en-madrid-59247596-covo.aspx
TESLA Model 3 RWD,27.850 €,Madrid,Eléctrico,2022,65.000 km,/tesla-model-3-rwd-4p-electrico-hibrido-2022-en-madrid-59341527-covo.aspx
TESLA Model 3 Estandar Plus RWD,25.990 €,Madrid,Eléctrico,2020,86.000 km,/tesla-model-3-estandar-plus-rwd-4p-electrico-/-hibrido-2019-en-madrid-58989053-covo.aspx
TESLA Model 3 RWD,28.995 €,Alicante,Eléctrico,2022,56.064 km,/tesla-model-3-rwd-4p-electrico-hibrido-2022-en-alicante-59548176-covo.aspx
TESLA Model 3 Gran Autonomia AWD 4p.,26.900 €,Salamanca,Eléctrico,2021,150.000 km,/tesla-model-3-gran-autonomia-awd-4p-electrico-hibrido-2021-en-salamanca-58984017-covo.aspx
TESLA Model 3 Estandar Plus RWD,32.500 €,Madrid,Eléctrico,2020,14.000 km,/tesla-model-3-estandar-plus-rwd-4p-electrico-/-hibrido-2019-en-madrid-57866028-covo.aspx
TESLA Model X 100D 4WD,41.790 €,Madrid,Eléctrico,2018,97.469 km,/tesla-model-x-100d-4wd-5p-electrico-hibrido-2018-en-madrid-59247762-covo.aspx
TESLA Model X AWD,84.900 €,Madrid,Eléctrico,2023,10.000 km,/tesla-model-x-awd-5p-electrico-hibrido-2022-en-madrid-59449804-covo.aspx
TESLA Model S 90D 4WD,32.490 €,Madrid,Eléctrico,2016,68.867 km,/tesla-model-s-90d-4wd-5p-electrico-hibrido-2017-en-madrid-58505471-covo.aspx
TESLA Model X 75D 4WD,38.995 €,Madrid,Eléctrico,2018,30.000 km,/tesla-model-x-75d-4wd-5p-electrico-hibrido-2018-en-madrid-59429368-covo.aspx
TESLA Model 3 Gran Autonomia 4WD,34.500 €,Albacete,Eléctrico,2021,44.974 km,/tesla-model-3-gran-autonomia-4wd-4p-electrico-hibrido-2021-en-albacete-59437073-covo.aspx
TESLA Model 3 Estandar Plus RWD,31.800 €,Barcelona,Eléctrico,2020,124.645 km,/tesla-model-3-estandar-plus-rwd-4p-electrico-/-hibrido-2019-en-barcelona-59356495-covo.aspx
TESLA Model 3 Gran Autonomia AWD,25.990 €,Madrid,Eléctrico,2019,153.000 km,/tesla-model-3-gran-autonomia-awd-4p-electrico-/-hibrido-2019-en-madrid-59326231-covo.aspx
TESLA Model X 90D 4WD,44.900 €,Málaga,Eléctrico,2017,129.200 km,/tesla-model-x-90d-4wd-5p-electrico-/-hibrido-2017-en-malaga-57643596-covo.aspx
TESLA Model 3 Gran Autonomia AWD,25.450 €,Barcelona,Eléctrico,2020,113.000 km,/tesla-model-3-gran-autonomia-awd-4p-electrico-hibrido-2019-en-barcelona-59307374-covo.aspx
TESLA Model Y Performance 4WD 5p.,46.000 €,Barcelona,Eléctrico,2022,33.000 km,/tesla-model-y-performance-4wd-5p-electrico-hibrido-2022-en-barcelona-59057163-covo.aspx
TESLA Model 3 Gran Autonomia AWD 4p.,35.500 €,Madrid,Eléctrico,2021,63.000 km,/tesla-model-3-gran-autonomia-awd-4p-electrico-hibrido-2021-en-madrid-58907669-covo.aspx
TESLA Model X Ludicrous Performance 4WD,57.900 €,Madrid,Eléctrico,2019,54.500 km,/tesla-model-x-ludicrous-performance-4wd-5p-electrico-/-hibrido-2019-en-madrid-59392867-covo.aspx
TESLA Model 3 Performance 4WD,32.990 €,Madrid,Eléctrico,2021,74.910 km,/tesla-model-3-performance-4wd-4p-electrico-hibrido-2021-en-madrid-59529332-covo.aspx
TESLA Model Y Performance 4WD,41.900 €,Madrid,Eléctrico,2022,38.000 km,/tesla-model-y-performance-4wd-5p-electrico-/-hibrido-2021-en-madrid-59290872-covo.aspx
TESLA Model S Autonomia Estandar 4WD,21.990 €,Madrid,Eléctrico,2014,233.000 km,/tesla-model-s-autonomia-estandar-4wd-5p-electrico-hibrido-2019-en-madrid-59530501-covo.aspx
TESLA Model 3 Gran Autonomia AWD,20.000 €,Barcelona,Eléctrico,2019,200.000 km,/tesla-model-3-gran-autonomia-awd-4p-electrico-hibrido-2019-en-barcelona-59333434-covo.aspx
TESLA Model 3 Estandar Plus RWD,27.650 €,Barcelona,Eléctrico,2021,19.360 km,/tesla-model-3-estandar-plus-rwd-4p-electrico-hibrido-2021-en-barcelona-59219039-covo.aspx
TESLA Model Y Performance 4WD,59.900 €,Málaga,Eléctrico,2022,10.000 km,/tesla-model-y-performance-4wd-5p-electrico-/-hibrido-2021-en-malaga-58218212-covo.aspx
TESLA Model 3 Performance AWD,33.490 €,Madrid,Eléctrico,2019,23.832 km,/tesla-model-3-performance-awd-4p-electrico-/-hibrido-2019-en-madrid-59550363-covo.aspx
TESLA Model 3 Gran Autonomia AWD,37.890 €,Sevilla,Eléctrico,2023,55.852 km,/tesla-model-3-gran-autonomia-awd-4p-electrico-hibrido-2022-en-sevilla-59288955-covo.aspx
TESLA Model 3 RWD,30.990 €,Madrid,Eléctrico,2022,39.398 km,/tesla-model-3-rwd-4p-electrico-/-hibrido-2022-en-madrid-58009521-covo.aspx
TESLA Model 3 Gran Autonomia AWD,26.850 €,Madrid,Eléctrico,2020,77.000 km,/tesla-model-3-gran-autonomia-awd-4p-electrico-hibrido-2019-en-madrid-59504108-covo.aspx
TESLA Model 3 Estandar Plus RWD,28.490 €,Málaga,Eléctrico,2020,47.479 km,/tesla-model-3-estandar-plus-rwd-4p-electrico-/-hibrido-2019-en-malaga-59512434-covo.aspx
TESLA Model 3 Performance AWD,35.500 €,Valencia,Eléctrico,2021,46.500 km,/tesla-model-3-performance-awd-4p-electrico-/-hibrido-2022-en-valencia-59262770-covo.aspx
TESLA Model 3 Gran Autonomia RWD 4p.,34.500 €,Málaga,Eléctrico,2023,16.100 km,/tesla-model-3-gran-autonomia-rwd-4p-electrico-hibrido-2023-en-malaga-58895781-covo.aspx
TESLA Model 3 Gran Autonomia AWD,23.990 €,Madrid,Eléctrico,2019,190.000 km,/tesla-model-3-gran-autonomia-awd-4p-electrico-/-hibrido-2019-en-madrid-58057376-covo.aspx
TESLA Model Y Gran Autonomia 4WD,42.900 €,A Coruña,Eléctrico,2023,45.000 km,/tesla-model-y-gran-autonomia-4wd-5p-electrico-/-hibrido-2021-en-a-coruna-58926907-covo.aspx
TESLA Model X 90D 4WD,44.990 €,Barcelona,Eléctrico,2017,139.000 km,/tesla-model-x-90d-4wd-5p-electrico-/-hibrido-2017-en-barcelona-58861148-covo.aspx
TESLA Model X Ludicrous Performance 4WD 5p.,58.498 €,Barcelona,Eléctrico,2019,68.000 km,/tesla-model-x-ludicrous-performance-4wd-5p-electrico-hibrido-2019-en-barcelona-59098888-covo.aspx
TESLA Model 3 Estandar Plus RWD,23.999 €,Madrid,Eléctrico,2020,99.999 km,/tesla-model-3-estandar-plus-rwd-4p-electrico-/-hibrido-2019-en-madrid-59514166-covo.aspx
TESLA Model S 100D 4WD,32.990 €,Madrid,Eléctrico,2019,162.000 km,/tesla-model-s-100d-4wd-5p-electrico-hibrido-2018-en-madrid-59525212-covo.aspx
TESLA Model 3 Performance AWD,35.900 €,Tarragona,Eléctrico,2021,55.000 km,/tesla-model-3-performance-awd-4p-electrico-/-hibrido-2022-en-tarragona-59267330-covo.aspx
TESLA Model 3 RWD,41.500 €,Huelva,Eléctrico,2024,2490 km,/tesla-model-3-rwd-4p-electrico-/-hibrido-2024-en-huelva-58985598-covo.aspx
TESLA Model S 75 5p.,25.000 €,Madrid,Eléctrico,2017,258.000 km,/tesla-model-s-75-5p-electrico-hibrido-2017-en-madrid-59027764-covo.aspx
TESLA Model 3 RWD,27.950 €,Barcelona,Eléctrico,2022,53.000 km,/tesla-model-3-rwd-4p-electrico-hibrido-2022-en-barcelona-59399437-covo.aspx
TESLA Model Y Traccion Trasera RWD,46.990 €,Valencia,Eléctrico,2024,7925 km,/tesla-model-y-traccion-trasera-rwd-5p-electrico-hibrido-2021-en-valencia-59383893-covo.aspx
TESLA Model Y Traccion Trasera RWD 5p.,36.600 €,Barcelona,Eléctrico,2023,19.000 km,/tesla-model-y-traccion-trasera-rwd-5p-electrico-hibrido-2023-en-barcelona-59216026-covo.aspx
TESLA Model S AWD,49.900 €,Murcia,Eléctrico,2024,122.000 km,/tesla-model-s-awd-5p-electrico-hibrido-2024-en-murcia-59489464-covo.aspx
TESLA Model X 90D 4WD,34.990 €,Madrid,Eléctrico,2017,114.038 km,/tesla-model-x-90d-4wd-5p-electrico-/-hibrido-2017-en-madrid-59505335-covo.aspx
TESLA Model S 75D 4WD,26.900 €,Madrid,Eléctrico,2018,149.000 km,/tesla-model-s-75d-4wd-5p-electrico-hibrido-2018-en-madrid-59514416-covo.aspx
TESLA Model S 90D 4WD,33.900 €,Sevilla,Eléctrico,2017,188.000 km,/tesla-model-s-90d-4wd-5p-electrico-hibrido-2017-en-sevilla-59481586-covo.aspx
TESLA Model Y Traccion Trasera RWD,40.990 €,Málaga,Eléctrico,2024,11.421 km,/tesla-model-y-traccion-trasera-rwd-5p-electrico-/-hibrido-2021-en-malaga-59495335-covo.aspx
TESLA Model S 75D 4WD,38.890 €,Madrid,Eléctrico,2019,89.831 km,/tesla-model-s-75d-4wd-5p-electrico-/-hibrido-2018-en-madrid-59041853-covo.aspx
TESLA Model Y Traccion Trasera RWD,36.500 €,Barcelona,Eléctrico,2024,10.778 km,/tesla-model-y-traccion-trasera-rwd-5p-electrico-/-hibrido-2021-en-barcelona-59391725-covo.aspx
TESLA Model 3 Gran Autonomia AWD,33.500 €,Valencia,Eléctrico,2022,31.000 km,/tesla-model-3-gran-autonomia-awd-4p-electrico-hibrido-2022-en-valencia-59470496-covo.aspx
TESLA Model 3 Gran Autonomia AWD,25.750 €,Madrid,Eléctrico,2020,125.000 km,/tesla-model-3-gran-autonomia-awd-4p-electrico-/-hibrido-2019-en-madrid-59361603-covo.aspx
TESLA Model S 90D 4WD,32.490 €,Salamanca,Eléctrico,2016,68.867 km,/tesla-model-s-90d-4wd-5p-electrico-/-hibrido-2017-en-salamanca-58809949-covo.aspx
TESLA Model 3 Gran Autonomia AWD,37.990 €,Madrid,Eléctrico,2023,12 km,/tesla-model-3-gran-autonomia-awd-4p-electrico-hibrido-2022-en-madrid-59488905-covo.aspx
TESLA Model 3 Gran Autonomia RWD,39.999 €,Alicante,Eléctrico,2023,9500 km,/tesla-model-3-gran-autonomia-awd-4p-electrico-/-hibrido-2022-en-alicante-59165618-covo.aspx
TESLA Model 3 RWD,41.500 €,Sevilla,Eléctrico,2024,2490 km,/tesla-model-3-rwd-4p-electrico-/-hibrido-2024-en-sevilla-58985716-covo.aspx
TESLA Model S 75D 4WD,26.995 €,Madrid,Eléctrico,2017,70.000 km,/tesla-model-s-75d-4wd-5p-electrico-hibrido-2017-en-madrid-59467701-covo.aspx
TESLA Model 3 Gran Autonomia AWD,25.975 €,Barcelona,Eléctrico,2019,115.000 km,/tesla-model-3-gran-autonomia-awd-4p-electrico-hibrido-2019-en-barcelona-59462712-covo.aspx
TESLA Model 3 RWD,28.995 €,Valencia,Eléctrico,2022,56.064 km,/tesla-model-3-rwd-4p-electrico-hibrido-2022-en-valencia-59473981-covo.aspx
TESLA Model S 75D 4WD,33.490 €,Valencia,Eléctrico,2019,50.000 km,/tesla-model-s-75d-4wd-5p-electrico-/-hibrido-2018-en-valencia-58922663-covo.aspx
TESLA Model X 100D 4WD,38.000 €,Castellón,Eléctrico,2019,175.000 km,/tesla-model-x-100d-4wd-5p-electrico-hibrido-2019-en-castellon-59287349-covo.aspx
TESLA Model 3 Gran Autonomia AWD,29.000 €,Barcelona,Eléctrico,2022,137.000 km,/tesla-model-3-gran-autonomia-awd-4p-electrico-hibrido-2022-en-barcelona-59517935-covo.aspx
TESLA Model Y Gran Autonomia 4WD,39.000 €,Madrid,Eléctrico,2023,25.000 km,/tesla-model-y-gran-autonomia-4wd-5p-electrico-hibrido-2023-en-madrid-59382604-covo.aspx
TESLA Model 3 RWD,31.900 €,Alicante,Eléctrico,2022,65.672 km,/tesla-model-3-rwd-4p-electrico-hibrido-2022-en-alicante-59498913-covo.aspx
TESLA Model 3 Performance AWD,36.500 €,La Rioja,Eléctrico,2022,45.700 km,/tesla-model-3-performance-awd-4p-electrico-hibrido-2022-en-la_rioja-59233148-covo.aspx
TESLA Model X 100D 4WD,56.890 €,Málaga,Eléctrico,2018,43.815 km,/tesla-model-x-100d-4wd-5p-electrico-hibrido-2018-en-malaga-59266372-covo.aspx
TESLA Model S P100D 4WD,39.900 €,Cantabria,Eléctrico,2019,114.000 km,/tesla-model-s-100d-4wd-5p-electrico-/-hibrido-2018-en-cantabria-58361500-covo.aspx
TESLA Model 3 Estandar Plus RWD,26.490 €,Madrid,Eléctrico,2020,49.990 km,/tesla-model-3-estandar-plus-rwd-4p-electrico-/-hibrido-2021-en-madrid-59472676-covo.aspx
TESLA Model X 75D 4WD,37.500 €,Madrid,Eléctrico,2019,79.000 km,/tesla-model-x-75d-4wd-5p-electrico-/-hibrido-2018-en-madrid-57818369-covo.aspx
TESLA Model X Gran Autonomia 4WD,79.990 €,Vizcaya,Eléctrico,2021,18.000 km,/tesla-model-x-gran-autonomia-4wd-5p-electrico-/-hibrido-2022-en-vizcaya-57584368-covo.aspx
TESLA Model S 75D 4WD,46.500 €,Alicante,Eléctrico,2019,37.500 km,/tesla-model-s-75d-4wd-5p-electrico-hibrido-2018-en-alicante-57327825-covo.aspx
TESLA Model 3 Gran Autonomia 4WD,36.900 €,Madrid,Eléctrico,2020,33.000 km,/tesla-model-3-gran-autonomia-4wd-4p-electrico-hibrido-2021-en-madrid-59443827-covo.aspx
TESLA Model 3 Gran Autonomia 4WD,39.900 €,Madrid,Eléctrico,2021,65.000 km,/tesla-model-3-gran-autonomia-4wd-4p-electrico-/-hibrido-2021-en-madrid-59356264-covo.aspx
TESLA Model 3 Performance AWD,29.900 €,Navarra,Eléctrico,2020,65.000 km,/tesla-model-3-performance-awd-4p-electrico-hibrido-2019-en-navarra-59516202-covo.aspx
TESLA Model Y Traccion Trasera RWD 5p.,39.990 €,Álava,Eléctrico,2023,38.000 km,/tesla-model-y-traccion-trasera-rwd-5p-electrico-hibrido-2023-en-alava-59004797-covo.aspx
TESLA Model Y Traccion Trasera RWD,33.999 €,Girona,Eléctrico,2024,30.000 km,/tesla-model-y-traccion-trasera-rwd-5p-electrico-hibrido-2024-en-girona-59085998-covo.aspx
TESLA Model 3 Gran Autonomia 4WD,32.450 €,Barcelona,Eléctrico,2021,33.340 km,/tesla-model-3-gran-autonomia-4wd-4p-electrico-/-hibrido-2021-en-barcelona-58811332-covo.aspx
TESLA Model 3 Estandar Plus RWD,22.000 €,Vizcaya,Eléctrico,2019,141.000 km,/tesla-model-3-estandar-plus-rwd-4p-electrico-hibrido-2019-en-vizcaya-59398604-covo.aspx
TESLA Model 3 Gran Autonomia AWD,28.999 €,Madrid,Eléctrico,2020,70.000 km,/tesla-model-3-gran-autonomia-awd-4p-electrico-hibrido-2019-en-madrid-59350592-covo.aspx
TESLA Model 3 Performance AWD,29.500 €,Madrid,Eléctrico,2021,80.325 km,/tesla-model-3-performance-awd-4p-electrico-hibrido-2021-en-madrid-59553222-covo.aspx
TESLA Model 3 Gran Autonomia AWD,26.990 €,Madrid,Eléctrico,2020,138.000 km,/tesla-model-3-gran-autonomia-awd-4p-electrico-/-hibrido-2019-en-madrid-59263922-covo.aspx
TESLA Model S 75D 4WD,34.610 €,Barcelona,Eléctrico,2018,96.553 km,/tesla-model-s-75d-4wd-5p-electrico-/-hibrido-2018-en-barcelona-59139368-covo.aspx
TESLA Model Y Gran Autonomia 4WD,47.000 €,Baleares,Eléctrico,2024,3500 km,/tesla-model-y-gran-autonomia-4wd-5p-electrico-hibrido-2024-en-baleares-59383427-covo.aspx
TESLA Model 3 Gran Autonomia AWD,27.990 €,Murcia,Eléctrico,2020,97.000 km,/tesla-model-3-gran-autonomia-awd-4p-electrico-hibrido-2019-en-murcia-58918940-covo.aspx
TESLA Model S 100D 4WD,29.900 €,Valencia,Eléctrico,2018,192.000 km,/tesla-model-s-100d-4wd-5p-electrico-hibrido-2018-en-valencia-59263212-covo.aspx
TESLA Model 3 RWD 4p.,34.100 €,Madrid,Eléctrico,2023,18.000 km,/tesla-model-3-rwd-4p-electrico-hibrido-2023-en-madrid-59081438-covo.aspx
TESLA Model 3 Performance AWD,32.980 €,Granada,Eléctrico,2021,44.983 km,/tesla-model-3-performance-awd-4p-electrico-hibrido-2022-en-granada-59469135-covo.aspx
TESLA Model 3 Gran Autonomia AWD,29.900 €,Madrid,Eléctrico,2019,61.046 km,/tesla-model-3-gran-autonomia-awd-4p-electrico-/-hibrido-2019-en-madrid-59303669-covo.aspx
TESLA Model 3 Gran Autonomia AWD,24.990 €,Madrid,Eléctrico,2019,180.000 km,/tesla-model-3-gran-autonomia-awd-4p-electrico-hibrido-2019-en-madrid-59175169-covo.aspx
TESLA Model Y Gran Autonomia 4WD,38.900 €,Málaga,Eléctrico,2022,47.000 km,/tesla-model-y-gran-autonomia-4wd-5p-electrico-/-hibrido-2021-en-malaga-59544808-covo.aspx
TESLA Model 3 RWD,32.500 €,Girona,Eléctrico,2023,15.340 km,/tesla-model-3-gran-autonomia-rwd-4p-electrico-hibrido-2023-en-girona-59155390-covo.aspx
TESLA Model 3 Gran Autonomia 4WD,32.490 €,Madrid,Eléctrico,2021,36.000 km,/tesla-model-3-gran-autonomia-4wd-4p-electrico-hibrido-2021-en-madrid-59497745-covo.aspx
TESLA Model X 90D 4WD,39.990 €,Madrid,Eléctrico,2017,50.000 km,/tesla-model-x-90d-4wd-5p-electrico-hibrido-2017-en-madrid-59494866-covo.aspx
TESLA Model 3 Gran Autonomia RWD,29.990 €,Castellón,Eléctrico,2019,78.000 km,/tesla-model-3-gran-autonomia-rwd-4p-electrico-hibrido-2019-en-castellon-56480403-covo.aspx
TESLA Model 3 Estandar Plus RWD,19.990 €,Madrid,Eléctrico,2019,139.000 km,/tesla-model-3-estandar-plus-rwd-4p-electrico-hibrido-2019-en-madrid-59536625-covo.aspx
TESLA Model 3 RWD,30.990 €,Salamanca,Eléctrico,2022,39.398 km,/tesla-model-3-rwd-4p-electrico-/-hibrido-2022-en-salamanca-58018455-covo.aspx
TESLA Model X 100D 4WD,47.900 €,Málaga,Eléctrico,2017,52.000 km,/tesla-model-x-100d-4wd-5p-electrico-/-hibrido-2017-en-malaga-55944285-covo.aspx
TESLA Model 3 Estandar Plus RWD,31.800 €,Zaragoza,Eléctrico,2020,124.645 km,/tesla-model-3-estandar-plus-rwd-4p-electrico-hibrido-2019-en-zaragoza-59353583-covo.aspx
TESLA Model S 75D 4WD 5p.,30.500 €,Alicante,Eléctrico,2017,117.000 km,/tesla-model-s-75d-4wd-5p-electrico-hibrido-2017-en-alicante-59052260-covo.aspx
TESLA Model 3 Gran Autonomia AWD,49.900 €,Madrid,Eléctrico,2024,35 km,/tesla-model-3-gran-autonomia-awd-4p-electrico-hibrido-2024-en-madrid-59463409-covo.aspx
TESLA Model X 100D 4WD,35.900 €,Madrid,Eléctrico,2018,54.800 km,/tesla-model-x-100d-4wd-5p-electrico-hibrido-2018-en-madrid-58690205-covo.aspx
TESLA Model 3 Gran Autonomia 4WD,25.000 €,Zaragoza,Eléctrico,2020,110.000 km,/tesla-model-3-gran-autonomia-4wd-4p-electrico-/-hibrido-2021-en-zaragoza-59355405-covo.aspx
TESLA Model 3 Performance 4WD,32.890 €,Madrid,Eléctrico,2020,65.090 km,/tesla-model-3-performance-4wd-4p-electrico-hibrido-2021-en-madrid-59497559-covo.aspx
TESLA Model 3 RWD,31.500 €,Sevilla,Eléctrico,2023,23.000 km,/tesla-model-3-rwd-4p-electrico-hibrido-2023-en-sevilla-59099150-covo.aspx
TESLA Model Y Traccion Trasera RWD,36.500 €,Vizcaya,Eléctrico,2024,5500 km,/tesla-model-y-traccion-trasera-rwd-5p-electrico-hibrido-2024-en-vizcaya-59547793-covo.aspx
TESLA Model 3 Gran Autonomia AWD,24.999 €,Barcelona,Eléctrico,2019,110.000 km,/tesla-model-3-gran-autonomia-awd-4p-electrico-hibrido-2019-en-barcelona-59029132-covo.aspx
TESLA Model 3 RWD,37.990 €,Madrid,Eléctrico,2024,421 km,/tesla-model-3-rwd-4p-electrico-hibrido-2024-en-madrid-59550953-covo.aspx
TESLA Model S Autonomia Estandar 4WD,32.900 €,Valencia,Eléctrico,2019,120.000 km,/tesla-model-s-autonomia-estandar-4wd-5p-electrico-hibrido-2019-en-valencia-59470494-covo.aspx
TESLA Model 3 Gran Autonomia 4WD,34.500 €,Alicante,Eléctrico,2021,44.974 km,/tesla-model-3-gran-autonomia-4wd-4p-electrico-hibrido-2021-en-alicante-59359312-covo.aspx
TESLA Model 3 Gran Autonomia AWD,29.850 €,Barcelona,Eléctrico,2020,26.000 km,/tesla-model-3-gran-autonomia-awd-4p-electrico-hibrido-2019-en-barcelona-59503987-covo.aspx
TESLA Model 3 RWD,29.790 €,Madrid,Eléctrico,2022,57.671 km,/tesla-model-3-rwd-4p-electrico-hibrido-2022-en-madrid-59362935-covo.aspx
TESLA Model S 90D 4WD,32.490 €,Madrid,Eléctrico,2016,68.867 km,/tesla-model-s-90d-4wd-5p-electrico-hibrido-2017-en-madrid-58505478-covo.aspx
TESLA Model 3 Gran Autonomia 4WD,32.450 €,Castellón,Eléctrico,2021,33.340 km,/tesla-model-3-gran-autonomia-4wd-4p-electrico-/-hibrido-2021-en-castellon-58814428-covo.aspx
TESLA Model 3 Gran Autonomia AWD,29.900 €,Asturias,Eléctrico,2020,150.000 km,/tesla-model-3-gran-autonomia-awd-4p-electrico-hibrido-2020-en-asturias-58504957-covo.aspx
TESLA Model Y Traccion Trasera RWD,34.990 €,Madrid,Eléctrico,2022,28.400 km,/tesla-model-y-traccion-trasera-rwd-5p-electrico-/-hibrido-2021-en-madrid-59159685-covo.aspx
TESLA Model S 75D 4WD,38.990 €,Madrid,Eléctrico,2018,143.350 km,/tesla-model-s-75d-4wd-5p-electrico-/-hibrido-2018-en-madrid-59237268-covo.aspx
TESLA Model X P100D 4WD,60.090 €,Cádiz,Eléctrico,2017,138.860 km,/tesla-model-x-p100d-4wd-5p-electrico-hibrido-2017-en-cadiz-59501288-covo.aspx
TESLA Model 3 Performance AWD,27.990 €,Madrid,Eléctrico,2020,172.000 km,/tesla-model-3-performance-awd-4p-electrico-/-hibrido-2019-en-madrid-59253053-covo.aspx
TESLA Model X Gran Autonomia 4WD,44.800 €,Lleida,Eléctrico,2019,170.000 km,/tesla-model-x-gran-autonomia-4wd-5p-electrico-/-hibrido-2019-en-lleida-58792098-covo.aspx
TESLA Model Y Traccion Trasera RWD,46.990 €,Castellón,Eléctrico,2024,7925 km,/tesla-model-y-traccion-trasera-rwd-5p-electrico-/-hibrido-2021-en-castellon-59393333-covo.aspx
TESLA Model S Plaid 4WD,40.500 €,Barcelona,Eléctrico,2020,110.000 km,/tesla-model-s-plaid-4wd-5p-electrico-hibrido-2020-en-barcelona-58951814-covo.aspx
TESLA Model S P100D 4WD,27.900 €,Baleares,Eléctrico,2017,196.000 km,/tesla-model-s-p100d-4wd-5p-electrico-hibrido-2017-en-baleares-58941695-covo.aspx
TESLA Model S P100D 4WD,29.990 €,Barcelona,Eléctrico,2017,159.000 km,/tesla-model-s-p100d-4wd-5p-electrico-/-hibrido-2017-en-barcelona-58945595-covo.aspx
TESLA Model X Gran Autonomia Plus 4WD,54.900 €,Barcelona,Eléctrico,2020,145.000 km,/tesla-model-x-gran-autonomia-plus-4wd-5p-electrico-hibrido-2020-en-barcelona-59135263-covo.aspx
TESLA Model 3 Performance 4WD,32.890 €,Valladolid,Eléctrico,2020,65.090 km,/tesla-model-3-performance-4wd-4p-electrico-hibrido-2021-en-valladolid-59284010-covo.aspx
TESLA Model 3 RWD,27.950 €,Madrid,Eléctrico,2022,57.000 km,/tesla-model-3-rwd-4p-electrico-hibrido-2022-en-madrid-59349760-covo.aspx
TESLA Model 3 Performance 4WD,35.990 €,Barcelona,Eléctrico,2020,56.250 km,/tesla-model-3-performance-4wd-4p-electrico-/-hibrido-2021-en-barcelona-58968329-covo.aspx
TESLA Model S 75D 4WD,29.900 €,Lleida,Eléctrico,2018,110.000 km,/tesla-model-s-75d-4wd-5p-electrico-hibrido-2018-en-lleida-59471058-covo.aspx
TESLA Model S 100D 4WD,27.000 €,Murcia,Eléctrico,2018,250.000 km,/tesla-model-s-100d-4wd-5p-electrico-hibrido-2018-en-murcia-58824017-covo.aspx
TESLA Model 3 Estandar Plus RWD,24.900 €,Toledo,Eléctrico,2019,88.000 km,/tesla-model-3-estandar-plus-rwd-4p-electrico-/-hibrido-2019-en-toledo-59241094-covo.aspx
TESLA Model S 90D 4WD,23.900 €,Valencia,Eléctrico,2014,250.000 km,/tesla-model-s-90d-4wd-5p-electrico-/-hibrido-2017-en-valencia-58859330-covo.aspx
TESLA Model 3 Gran Autonomia AWD,29.700 €,Sevilla,Eléctrico,2021,58.000 km,/tesla-model-3-gran-autonomia-awd-4p-electrico-hibrido-2021-en-sevilla-57659192-covo.aspx
TESLA Model Y Gran Autonomia 4WD,39.600 €,Girona,Eléctrico,2023,35.178 km,/tesla-model-y-gran-autonomia-4wd-5p-electrico-hibrido-2023-en-girona-59346557-covo.aspx
TESLA Model 3 Performance AWD,36.300 €,Valencia,Eléctrico,2021,59.990 km,/tesla-model-3-performance-awd-4p-electrico-/-hibrido-2022-en-valencia-59244611-covo.aspx
TESLA Model S AWD,74.990 €,Alicante,Eléctrico,2023,29.000 km,/tesla-model-s-awd-5p-electrico-hibrido-2023-en-alicante-59277347-covo.aspx
TESLA Model 3 Gran Autonomia AWD,25.990 €,Madrid,Eléctrico,2020,166.000 km,/tesla-model-3-gran-autonomia-awd-4p-electrico-hibrido-2020-en-alicante-59457482-covo.aspx
TESLA Model X 100D 4WD,32.990 €,Barcelona,Eléctrico,2018,223.000 km,/tesla-model-x-100d-4wd-5p-electrico-hibrido-2018-en-barcelona-59558916-covo.aspx
TESLA Model X Performance,58.590 €,Alicante,Eléctrico,2020,34.162 km,/tesla-model-x-performance-5p-electrico-/-hibrido-2019-en-alicante-59541057-covo.aspx
TESLA Model 3 Gran Autonomia AWD,25.990 €,Madrid,Eléctrico,2019,147.000 km,/tesla-model-3-gran-autonomia-awd-4p-electrico-/-hibrido-2019-en-madrid-59379795-covo.aspx
TESLA Model S P100D 4WD,35.000 €,León,Eléctrico,2017,220.000 km,/tesla-model-s-p100d-4wd-5p-electrico-hibrido-2017-en-leon-58625522-covo.aspx
TESLA Model 3 Estandar Plus RWD,27.500 €,Madrid,Eléctrico,2020,120.000 km,/tesla-model-3-estandar-plus-rwd-4p-electrico-/-hibrido-2019-en-madrid-59208484-covo.aspx
TESLA Model 3 Gran Autonomia AWD,21.950 €,Valencia,Eléctrico,2019,204.000 km,/tesla-model-3-gran-autonomia-awd-4p-electrico-hibrido-2019-en-alicante-58230865-covo.aspx
TESLA Model Y Traccion Trasera RWD,32.400 €,Valencia,Eléctrico,2023,159.000 km,/tesla-model-y-traccion-trasera-rwd-5p-electrico-hibrido-2023-en-valencia-59040008-covo.aspx
TESLA Model X Ludicrous Performance 4WD 5p.,59.900 €,Málaga,Eléctrico,2020,25.000 km,/tesla-model-x-ludicrous-performance-4wd-5p-electrico-hibrido-2020-en-malaga-59074373-covo.aspx
TESLA Model 3 Estandar Plus RWD,21.500 €,Barcelona,Eléctrico,2019,149.000 km,/tesla-model-3-estandar-plus-rwd-4p-electrico-hibrido-2019-en-barcelona-59462598-covo.aspx
TESLA Model 3 Gran Autonomia 4WD,32.490 €,Madrid,Eléctrico,2021,36.000 km,/tesla-model-3-gran-autonomia-4wd-4p-electrico-/-hibrido-2021-en-madrid-58861376-covo.aspx
TESLA Model S 100D 4WD,30.900 €,Vizcaya,Eléctrico,2018,125.000 km,/tesla-model-s-100d-4wd-5p-electrico-hibrido-2018-en-vizcaya-59545466-covo.aspx
TESLA Model 3 RWD,39.900 €,Málaga,Eléctrico,2022,8900 km,/tesla-model-3-rwd-4p-electrico-/-hibrido-2022-en-malaga-58218441-covo.aspx
TESLA Model 3 RWD,32.990 €,Barcelona,Eléctrico,2023,29.000 km,/tesla-model-3-rwd-4p-electrico-hibrido-2022-en-barcelona-59269183-covo.aspx
TESLA Model X Ludicrous Performance 4WD,47.500 €,Vizcaya,Eléctrico,2018,83.000 km,/tesla-model-x-ludicrous-performance-4wd-5p-electrico-hibrido-2018-en-vizcaya-59381433-covo.aspx
TESLA Model 3 Gran Autonomia AWD,35.000 €,Alicante,Eléctrico,2022,60.000 km,/tesla-model-3-gran-autonomia-awd-4p-electrico-hibrido-2022-en-alicante-59536284-covo.aspx
TESLA Model S 100D 4WD,36.490 €,Madrid,Eléctrico,2017,97.000 km,/tesla-model-s-100d-4wd-5p-electrico-/-hibrido-2017-en-madrid-55526134-covo.aspx
TESLA Model 3 Estandar Plus RWD,24.860 €,Madrid,Eléctrico,2020,28.650 km,/tesla-model-3-estandar-plus-rwd-4p-electrico-hibrido-2019-en-madrid-59390256-covo.aspx
TESLA Model X 75D 4WD,37.999 €,Madrid,Eléctrico,2019,93.000 km,/tesla-model-x-75d-4wd-5p-electrico-hibrido-2018-en-madrid-59407605-covo.aspx
TESLA Model 3 RWD,30.990 €,Madrid,Eléctrico,2022,39.398 km,/tesla-model-3-rwd-4p-electrico-hibrido-2022-en-madrid-58005836-covo.aspx
TESLA Model S Gran Autonomia 4WD,36.999 €,Alicante,Eléctrico,2019,116.000 km,/tesla-model-s-gran-autonomia-4wd-5p-electrico-/-hibrido-2019-en-alicante-59076639-covo.aspx
TESLA Model 3 Estandar Plus RWD,26.890 €,A Coruña,Eléctrico,2020,38.000 km,/tesla-model-3-estandar-plus-rwd-4p-electrico-hibrido-2019-en-a-coruna-59411998-covo.aspx
TESLA Model 3 Gran Autonomia AWD,34.990 €,Madrid,Eléctrico,2021,30.686 km,/tesla-model-3-gran-autonomia-awd-4p-electrico-/-hibrido-2022-en-madrid-58853277-covo.aspx
TESLA Model S Gran Autonomia 4WD,42.890 €,Madrid,Eléctrico,2019,89.500 km,/tesla-model-s-gran-autonomia-4wd-5p-electrico-hibrido-2019-en-madrid-59344872-covo.aspx
TESLA Model 3,35.000 €,Alicante,Gasolina,2021,65.500 km,/tesla-model-3-gasolina-2021-en-alicante-58709286-covo.aspx
TESLA Model 3 RWD,30.990 €,Sevilla,Eléctrico,2023,45.825 km,/tesla-model-3-rwd-4p-electrico-hibrido-2022-en-sevilla-59469458-covo.aspx
TESLA Model X 100D 4WD,55.990 €,Vizcaya,Eléctrico,2019,85.000 km,/tesla-model-x-100d-4wd-5p-electrico-/-hibrido-2018-en-vizcaya-59180619-covo.aspx
TESLA Model S 75,26.475 €,Barcelona,Eléctrico,2017,109.000 km,/tesla-model-s-75-5p-electrico-hibrido-2017-en-barcelona-58959115-covo.aspx
TESLA Model 3 Gran Autonomia AWD,25.490 €,Madrid,Eléctrico,2020,179.000 km,/tesla-model-3-gran-autonomia-awd-4p-electrico-/-hibrido-2019-en-madrid-58635858-covo.aspx
TESLA Model Y Performance 4WD,49.995 €,Madrid,Eléctrico,2023,25.700 km,/tesla-model-y-performance-4wd-5p-electrico-hibrido-2021-en-madrid-59424636-covo.aspx
TESLA Model 3 RWD,30.990 €,Sevilla,Eléctrico,2023,45.825 km,/tesla-model-3-rwd-4p-electrico-hibrido-2022-en-sevilla-59393794-covo.aspx
TESLA Model 3 Estandar Plus RWD,20.999 €,Valencia,Eléctrico,2020,83.000 km,/tesla-model-3-estandar-plus-rwd-4p-electrico-hibrido-2020-en-valencia-59501653-covo.aspx
TESLA Model 3 Estandar Plus RWD,23.500 €,Murcia,Eléctrico,2019,119.000 km,/tesla-model-3-estandar-plus-rwd-4p-electrico-hibrido-2019-en-murcia-59415919-covo.aspx
TESLA Model S 75D 4WD,39.995 €,Barcelona,Eléctrico,2018,134.484 km,/tesla-model-s-75d-4wd-electrico-hibrido-2018-en-barcelona-55618018-covo.aspx
TESLA Model 3 Estandar Plus RWD,20.990 €,Madrid,Eléctrico,2019,115.000 km,/tesla-model-3-estandar-plus-rwd-4p-electrico-hibrido-2019-en-madrid-59458455-covo.aspx
TESLA Model 3 Estandar Plus RWD,20.990 €,Madrid,Eléctrico,2019,115.000 km,/tesla-model-3-estandar-plus-rwd-4p-electrico-hibrido-2019-en-madrid-59536666-covo.aspx
TESLA Model 3 Estandar Plus RWD,23.500 €,Pontevedra,Eléctrico,2019,76.000 km,/tesla-model-3-estandar-plus-rwd-4p-electrico-hibrido-2019-en-pontevedra-59312713-covo.aspx
TESLA Model X AWD,89.900 €,Madrid,Eléctrico,2023,10.000 km,/tesla-model-x-gran-autonomia-4wd-5p-electrico-/-hibrido-2022-en-madrid-58144847-covo.aspx
TESLA Model 3 Gran Autonomia AWD,28.990 €,Castellón,Eléctrico,2020,80.000 km,/tesla-model-3-gran-autonomia-awd-4p-electrico-hibrido-2020-en-castellon-59387485-covo.aspx
TESLA Model S 90D 4WD,19.999 €,Cádiz,Eléctrico,2017,540.000 km,/tesla-model-s-90d-4wd-5p-electrico-hibrido-2017-en-cadiz-58971871-covo.aspx
TESLA Model 3 Estandar Plus RWD,22.700 €,Alicante,Eléctrico,2020,160.000 km,/tesla-model-3-gran-autonomia-4wd-4p-electrico-/-hibrido-2021-en-alicante-58603398-covo.aspx
TESLA Model 3 Performance 4WD,27.900 €,Cantabria,Eléctrico,2019,119.000 km,/tesla-model-3-performance-4wd-4p-electrico-/-hibrido-2021-en-cantabria-57923159-covo.aspx
TESLA Model 3 Gran Autonomia AWD,29.850 €,Murcia,Eléctrico,2020,27.000 km,/tesla-model-3-gran-autonomia-awd-4p-electrico-hibrido-2019-en-murcia-59524684-covo.aspx
TESLA Model 3 RWD,34.000 €,Madrid,Eléctrico,2024,1800 km,/tesla-model-3-rwd-4p-electrico-hibrido-2024-en-madrid-59534513-covo.aspx
TESLA Model 3 RWD,34.900 €,Madrid,Eléctrico,2023,26.586 km,/tesla-model-3-rwd-4p-electrico-/-hibrido-2022-en-madrid-59271307-covo.aspx
TESLA Model 3 Estandar Plus RWD,20.490 €,Cádiz,Eléctrico,2019,129.900 km,/tesla-model-3-estandar-plus-rwd-4p-electrico-/-hibrido-2019-en-cadiz-59433226-covo.aspx
TESLA Model 3 Performance AWD,40.900 €,Madrid,Eléctrico,2021,37.900 km,/tesla-model-3-performance-awd-4p-electrico-hibrido-2022-en-madrid-59503462-covo.aspx
TESLA Model 3 RWD,28.115 €,Madrid,Eléctrico,2021,69.800 km,/tesla-model-3-rwd-4p-electrico-hibrido-2021-en-madrid-58453638-covo.aspx
TESLA Model 3 Gran Autonomia AWD,30.950 €,Valencia,Eléctrico,2021,51.600 km,/tesla-model-3-gran-autonomia-awd-4p-electrico-hibrido-2022-en-valencia-59476743-covo.aspx
TESLA Model 3 Performance AWD,35.000 €,Alicante,Eléctrico,2021,65.500 km,/tesla-model-3-performance-awd-4p-electrico-hibrido-2021-en-alicante-58709110-covo.aspx
TESLA Model Y Performance 4WD,39.990 €,Barcelona,Eléctrico,2023,85.000 km,/tesla-model-y-performance-4wd-5p-electrico-/-hibrido-2021-en-barcelona-59264167-covo.aspx
TESLA Model Y Gran Autonomia 4WD,37.900 €,Valencia,Eléctrico,2023,43.500 km,/tesla-model-y-gran-autonomia-4wd-5p-electrico-hibrido-2023-en-valencia-58827442-covo.aspx
TESLA Model X 75D 4WD,49.990 €,Madrid,Eléctrico,2017,70.000 km,/tesla-model-x-75d-4wd-5p-electrico-/-hibrido-2017-en-madrid-56549965-covo.aspx
TESLA Model S 90D 4WD,25.990 €,Madrid,Eléctrico,2014,139.000 km,/tesla-model-s-90d-4wd-5p-electrico-/-hibrido-2017-en-madrid-59546644-covo.aspx
TESLA Model 3 Gran Autonomia AWD,25.999 €,Madrid,Eléctrico,2019,70.000 km,/tesla-model-3-gran-autonomia-awd-4p-electrico-/-hibrido-2019-en-madrid-59035114-covo.aspx
TESLA Model Y Performance 4WD 5p.,47.000 €,Alicante,Eléctrico,2023,25.000 km,/tesla-model-y-performance-4wd-5p-electrico-hibrido-2023-en-alicante-58950617-covo.aspx
TESLA Model S 75D 4WD,34.610 €,Barcelona,Eléctrico,2018,96.553 km,/tesla-model-s-75d-4wd-5p-electrico-/-hibrido-2018-en-barcelona-59506621-covo.aspx
TESLA Model S 75D 4WD,24.000 €,Barcelona,Eléctrico,2017,136.628 km,/tesla-model-s-75d-4wd-5p-electrico-hibrido-2017-en-barcelona-59055874-covo.aspx
TESLA Model 3 Estandar Plus RWD,22.490 €,Madrid,Eléctrico,2020,90.000 km,/tesla-model-3-estandar-plus-rwd-4p-electrico-hibrido-2019-en-madrid-59501240-covo.aspx
TESLA Model X P100D 4WD,43.990 €,Cádiz,Eléctrico,2018,84.179 km,/tesla-model-x-p100d-4wd-5p-electrico-/-hibrido-2018-en-cadiz-59072108-covo.aspx
TESLA Model Y Traccion Trasera RWD,33.500 €,Valencia,Eléctrico,2023,45.000 km,/tesla-model-y-traccion-trasera-rwd-5p-electrico-hibrido-2023-en-valencia-56141788-covo.aspx
TESLA Model 3 Estandar Plus RWD,19.990 €,Madrid,Eléctrico,2019,119.900 km,/tesla-model-3-estandar-plus-rwd-4p-electrico-hibrido-2019-en-madrid-59558063-covo.aspx
TESLA Model 3 Gran Autonomia AWD,35.200 €,Murcia,Eléctrico,2022,39.000 km,/tesla-model-3-gran-autonomia-awd-4p-electrico-/-hibrido-2022-en-murcia-58126642-covo.aspx
TESLA Model 3 RWD,33.500 €,Madrid,Eléctrico,2024,35.000 km,/tesla-model-3-rwd-4p-electrico-hibrido-2024-en-madrid-58846693-covo.aspx
TESLA Model 3 Estandar Plus RWD,24.999 €,Madrid,Eléctrico,2019,71.000 km,/tesla-model-3-estandar-plus-rwd-4p-electrico-/-hibrido-2019-en-madrid-59328481-covo.aspx
TESLA Model Y Traccion Trasera RWD 5p.,40.000 €,Málaga,Eléctrico,2024,140.000 km,/tesla-model-y-traccion-trasera-rwd-5p-electrico-hibrido-2024-en-malaga-59156527-covo.aspx
TESLA Model 3 Performance AWD,37.890 €,Tarragona,Eléctrico,2020,74.862 km,/tesla-model-3-performance-awd-4p-electrico-hibrido-2019-en-tarragona-59450878-covo.aspx
TESLA Model X 90D 4WD,38.500 €,Sevilla,Eléctrico,2017,130.000 km,/tesla-model-x-90d-4wd-5p-electrico-/-hibrido-2017-en-sevilla-59182614-covo.aspx
TESLA Model S 75D 4WD,41.995 €,Barcelona,Eléctrico,2018,60.000 km,/tesla-model-s-75d-4wd-electrico-hibrido-2018-en-barcelona-55440612-covo.aspx
TESLA Model S 90D 4WD,24.990 €,Valencia,Eléctrico,2017,350.000 km,/tesla-model-s-90d-4wd-5p-electrico-hibrido-2017-en-valencia-59494596-covo.aspx
TESLA Model 3 RWD,28.500 €,Madrid,Eléctrico,2023,27.500 km,/tesla-model-3-rwd-4p-electrico-hibrido-2023-en-madrid-59461204-covo.aspx
TESLA Model 3 Gran Autonomia 4WD,29.450 €,Madrid,Eléctrico,2020,62.000 km,/tesla-model-3-gran-autonomia-4wd-4p-electrico-/-hibrido-2021-en-madrid-58340421-covo.aspx
TESLA Model 3 Gran Autonomia AWD,26.900 €,Madrid,Eléctrico,2021,97.000 km,/tesla-model-3-gran-autonomia-awd-4p-electrico-hibrido-2021-en-madrid-59497678-covo.aspx
TESLA Model 3 RWD,27.950 €,Barcelona,Eléctrico,2022,57.000 km,/tesla-model-3-rwd-4p-electrico-hibrido-2022-en-barcelona-59349749-covo.aspx
TESLA Model S 100D 4WD,28.099 €,Zaragoza,Eléctrico,2018,178.000 km,/tesla-model-s-100d-4wd-5p-electrico-hibrido-2018-en-zaragoza-59290251-covo.aspx
TESLA Model 3 Gran Autonomia AWD 4p.,29.990 €,Granada,Eléctrico,2021,86.300 km,/tesla-model-3-gran-autonomia-awd-4p-electrico-hibrido-2021-en-granada-58937450-covo.aspx
TESLA Model S 100D 4WD,39.890 €,Madrid,Eléctrico,2019,114.114 km,/tesla-model-s-100d-4wd-5p-electrico-/-hibrido-2018-en-madrid-59030249-covo.aspx
TESLA Model 3 Gran Autonomia AWD,35.995 €,Madrid,Eléctrico,2023,10.000 km,/tesla-model-3-gran-autonomia-awd-4p-electrico-hibrido-2022-en-madrid-59271676-covo.aspx
TESLA Model 3 Performance 4WD,36.900 €,Barcelona,Eléctrico,2021,53.000 km,/tesla-model-3-performance-4wd-4p-electrico-/-hibrido-2021-en-barcelona-59230231-covo.aspx
TESLA Model 3 Gran Autonomia AWD,25.450 €,Madrid,Eléctrico,2020,113.000 km,/tesla-model-3-gran-autonomia-awd-4p-electrico-hibrido-2019-en-madrid-59307498-covo.aspx
TESLA Model 3 RWD,27.950 €,Madrid,Eléctrico,2022,53.000 km,/tesla-model-3-rwd-4p-electrico-hibrido-2022-en-madrid-59399446-covo.aspx
TESLA Model Y Gran Autonomia 4WD,42.500 €,Málaga,Eléctrico,2022,60.000 km,/tesla-model-y-gran-autonomia-4wd-5p-electrico-hibrido-2022-en-malaga-59472801-covo.aspx
TESLA Model 3 Gran Autonomia AWD,25.850 €,Madrid,Eléctrico,2021,93.000 km,/tesla-model-3-gran-autonomia-awd-4p-electrico-hibrido-2019-en-madrid-59365384-covo.aspx
TESLA Model S Plaid AWD,84.900 €,Las Palmas,Eléctrico,2023,13.000 km,/tesla-model-s-plaid-awd-5p-electrico-/-hibrido-2022-en-las-palmas-59413413-covo.aspx
TESLA Model Y Gran Autonomia 4WD,35.000 €,Valencia,Eléctrico,2021,53.000 km,/tesla-model-y-gran-autonomia-4wd-5p-electrico-hibrido-2021-en-valencia-59551527-covo.aspx
TESLA Model X Ludicrous Performance 4WD,75.000 €,Barcelona,Eléctrico,2020,76.098 km,/tesla-model-x-ludicrous-performance-4wd-5p-electrico-hibrido-2020-en-barcelona-59159605-covo.aspx
TESLA Model 3 Performance 4WD,31.900 €,Zaragoza,Eléctrico,2020,63.800 km,/tesla-model-3-performance-4wd-4p-electrico-hibrido-2021-en-zaragoza-58917915-covo.aspx
TESLA Model S 100D 4WD,35.000 €,Madrid,Eléctrico,2018,123.747 km,/tesla-model-s-100d-4wd-5p-electrico-hibrido-2018-en-madrid-59102717-covo.aspx
TESLA Model 3 Estandar Plus RWD,27.300 €,Valladolid,Eléctrico,2020,73.259 km,/tesla-model-3-estandar-plus-rwd-4p-electrico-/-hibrido-2019-en-valladolid-59439741-covo.aspx
TESLA Model 3 Gran Autonomia 4WD,34.999 €,Madrid,Eléctrico,2021,8000 km,/tesla-model-3-gran-autonomia-4wd-4p-electrico-hibrido-2021-en-madrid-58971070-covo.aspx
TESLA Model Y Traccion Trasera RWD,38.900 €,Madrid,Eléctrico,2023,19.000 km,/tesla-model-y-traccion-trasera-rwd-5p-electrico-hibrido-2021-en-madrid-59553662-covo.aspx
TESLA Model 3 RWD,29.790 €,Madrid,Eléctrico,2022,57.671 km,/tesla-model-3-rwd-4p-electrico-/-hibrido-2022-en-madrid-59507490-covo.aspx
TESLA Model 3 Estandar Plus RWD,26.490 €,Madrid,Eléctrico,2020,49.990 km,/tesla-model-3-estandar-plus-rwd-4p-electrico-hibrido-2021-en-madrid-59439505-covo.aspx
TESLA Model 3 Gran Autonomia AWD,25.850 €,Barcelona,Eléctrico,2021,93.000 km,/tesla-model-3-gran-autonomia-awd-4p-electrico-hibrido-2019-en-barcelona-59365271-covo.aspx
TESLA Model 3 RWD,31.950 €,Alicante,Eléctrico,2023,17.500 km,/tesla-model-3-rwd-4p-electrico-hibrido-2023-en-alicante-59411424-covo.aspx
TESLA Model X 90D 4WD,44.500 €,Barcelona,Eléctrico,2017,199.000 km,/tesla-model-x-90d-4wd-5p-electrico-hibrido-2017-en-barcelona-59546235-covo.aspx
TESLA Model 3 Estandar Plus RWD,25.000 €,Huelva,Eléctrico,2021,92.000 km,/tesla-model-3-estandar-plus-rwd-4p-electrico-hibrido-2021-en-huelva-59359672-covo.aspx
TESLA Model X 100D 4WD,31.990 €,Girona,Eléctrico,2017,240.000 km,/tesla-model-x-100d-4wd-5p-electrico-hibrido-2017-en-girona-59421808-covo.aspx
TESLA Model Y Gran Autonomia 4WD,36.850 €,Alicante,Eléctrico,2021,48.000 km,/tesla-model-y-gran-autonomia-4wd-5p-electrico-hibrido-2021-en-alicante-59129000-covo.aspx
TESLA Model S 75D 4WD,25.000 €,Guipúzcoa,Eléctrico,2017,164.000 km,/tesla-model-s-75d-4wd-5p-electrico-hibrido-2017-en-guipuzcoa-59544900-covo.aspx
TESLA Model Y Gran Autonomia Traccion Trasera RWD,32.650 €,Girona,Eléctrico,2021,96.000 km,/tesla-model-y-gran-autonomia-traccion-trasera-rwd-5p-electrico-hibrido-2021-en-girona-59282659-covo.aspx
TESLA Model 3 Estandar Plus RWD,22.900 €,Valencia,Eléctrico,2019,75.000 km,/tesla-model-3-estandar-plus-rwd-4p-electrico-/-hibrido-2019-en-valencia-59244576-covo.aspx
TESLA Model S P100D 4WD,37.900 €,Barcelona,Eléctrico,2018,79.000 km,/tesla-model-s-p100d-4wd-5p-electrico-hibrido-2018-en-barcelona-58980434-covo.aspx
