,sell_type,car_type,year,price,km
0,Nuevo,Model S,2024,99600.0,503.0
1,Nuevo,Model S,2024,102270.0,99.0
2,Nuevo,Model S,2024,102270.0,0.0
3,Nuevo,Model S,2024,90340.0,577.0
4,Nuevo,Model S,2024,101050.0,3652.0
5,Nuevo,Model S,2024,102320.0,1700.0
6,Nuevo,Model S,2024,88890.0,6198.0
7,Nuevo,Model S,2024,90050.0,997.0
8,Nuevo,Model S,2024,115240.0,21.0
9,Nuevo,Model S,2024,90750.0,1393.0
10,Nuevo,Model S,2024,91610.0,27.0
11,Nuevo,Model S,2024,102330.0,0.0
12,Nuevo,Model S,2024,116660.0,20.0
13,Nuevo,Model S,2024,97500.0,17.0
14,Nuevo,Model S,2024,111430.0,25.0
15,Nuevo,Model 3,2024,39120.0,0.0
16,Nuevo,Model 3,2024,42600.0,2203.0
17,Nuevo,Model 3,2024,43560.0,4790.0
18,Nuevo,Model 3,2024,45470.0,0.0
19,Nuevo,Model 3,2024,46570.0,440.0
20,Nuevo,Model 3,2024,49070.0,21.0
21,Nuevo,Model 3,2024,38770.0,0.0
22,Nuevo,Model 3,2024,43750.0,0.0
23,Nuevo,Model 3,2024,44370.0,0.0
24,Nuevo,Model 3,2024,45220.0,223.0
25,Nuevo,Model 3,2024,54580.0,3853.0
26,Nuevo,Model 3,2024,55320.0,1726.0
27,Nuevo,Model 3,2024,59770.0,0.0
28,Nuevo,Model 3,2024,60820.0,0.0
29,Nuevo,Model 3,2024,36190.0,6578.0
30,Nuevo,Model 3,2024,36390.0,5580.0
31,Nuevo,Model 3,2024,37770.0,0.0
32,Nuevo,Model 3,2024,39120.0,0.0
33,Nuevo,Model 3,2024,45700.0,26.0
34,Nuevo,Model 3,2024,46530.0,0.0
35,Nuevo,Model 3,2024,46600.0,3382.0
36,Nuevo,Model 3,2024,46770.0,0.0
37,Nuevo,Model 3,2024,59770.0,0.0
38,Nuevo,Model 3,2024,38280.0,3906.0
39,Nuevo,Model 3,2024,39120.0,0.0
40,Nuevo,Model 3,2024,46770.0,0.0
41,Nuevo,Model 3,2024,48120.0,0.0
42,Nuevo,Model 3,2024,48370.0,0.0
43,Nuevo,Model 3,2024,49420.0,0.0
44,Nuevo,Model 3,2024,54860.0,3325.0
45,Nuevo,Model 3,2024,55950.0,13.0
46,Nuevo,Model 3,2024,60820.0,0.0
47,Nuevo,Model 3,2024,36990.0,6018.0
48,Nuevo,Model 3,2024,38080.0,39.0
49,Nuevo,Model 3,2024,38470.0,0.0
50,Nuevo,Model 3,2024,43730.0,7566.0
51,Nuevo,Model 3,2024,43920.0,6630.0
52,Nuevo,Model 3,2024,45280.0,1202.0
53,Nuevo,Model 3,2024,45650.0,0.0
54,Nuevo,Model 3,2024,45890.0,4446.0
55,Nuevo,Model 3,2024,46990.0,13.0
56,Nuevo,Model 3,2024,47470.0,0.0
57,Nuevo,Model 3,2024,38470.0,0.0
58,Nuevo,Model 3,2024,38520.0,15.0
59,Nuevo,Model 3,2024,44320.0,2051.0
60,Nuevo,Model X,2024,95670.0,3649.0
61,Nuevo,Model X,2024,99960.0,5936.0
62,Nuevo,Model X,2024,100720.0,1015.0
63,Nuevo,Model X,2024,102640.0,1405.0
64,Nuevo,Model X,2024,104370.0,0.0
65,Nuevo,Model X,2024,106050.0,34.0
66,Nuevo,Model X,2024,106620.0,3295.0
67,Nuevo,Model X,2024,110270.0,0.0
68,Nuevo,Model X,2024,111440.0,60.0
69,Nuevo,Model X,2024,115670.0,0.0
70,Nuevo,Model X,2024,118070.0,0.0
71,Nuevo,Model X,2024,118070.0,92.0
72,Nuevo,Model X,2024,100340.0,4086.0
73,Nuevo,Model X,2024,102020.0,5897.0
74,Nuevo,Model X,2024,109710.0,3229.0
75,Nuevo,Model X,2024,116170.0,0.0
76,Nuevo,Model X,2024,119670.0,0.0
77,Nuevo,Model X,2024,104520.0,208.0
78,Nuevo,Model X,2024,113820.0,33.0
79,Nuevo,Model X,2024,118070.0,0.0
80,Nuevo,Model X,2024,109540.0,23.0
81,Nuevo,Model X,2024,111750.0,33.0
82,Nuevo,Model X,2024,118720.0,0.0
83,Nuevo,Model X,2024,119820.0,25.0
84,Nuevo,Model Y,2024,42150.0,18.0
85,Nuevo,Model Y,2024,44260.0,0.0
86,Nuevo,Model Y,2024,44390.0,6314.0
87,Nuevo,Model Y,2024,45310.0,0.0
88,Nuevo,Model Y,2024,45350.0,8812.0
89,Nuevo,Model Y,2024,45420.0,8298.0
90,Nuevo,Model Y,2024,45660.0,1317.0
91,Nuevo,Model Y,2024,46360.0,0.0
92,Nuevo,Model Y,2024,46760.0,0.0
93,Nuevo,Model Y,2024,46840.0,1991.0
94,Nuevo,Model Y,2024,47490.0,4462.0
95,Nuevo,Model Y,2024,47910.0,2707.0
96,Nuevo,Model Y,2024,48010.0,7086.0
97,Nuevo,Model Y,2024,49000.0,2036.0
98,Nuevo,Model Y,2024,49440.0,967.0
99,Nuevo,Model Y,2024,49740.0,55.0
100,Nuevo,Model Y,2024,49790.0,401.0
101,Nuevo,Model Y,2024,51760.0,0.0
102,Nuevo,Model Y,2024,51760.0,0.0
103,Nuevo,Model Y,2024,52950.0,26.0
104,Nuevo,Model Y,2024,54910.0,565.0
105,Nuevo,Model Y,2024,55070.0,0.0
106,Nuevo,Model Y,2024,55140.0,2291.0
107,Nuevo,Model Y,2024,55280.0,9.0
108,Nuevo,Model Y,2024,55640.0,0.0
109,Nuevo,Model Y,2024,56120.0,0.0
110,Nuevo,Model Y,2024,56420.0,0.0
111,Nuevo,Model Y,2024,58280.0,7.0
112,Nuevo,Model Y,2024,58870.0,0.0
113,Nuevo,Model Y,2024,58970.0,0.0
114,Nuevo,Model Y,2024,42140.0,8864.0
115,Nuevo,Model Y,2024,42670.0,5955.0
116,Nuevo,Model Y,2024,44750.0,5727.0
117,Nuevo,Model Y,2024,45560.0,0.0
118,Nuevo,Model Y,2024,47140.0,0.0
119,Nuevo,Model Y,2024,48060.0,0.0
120,Nuevo,Model Y,2024,49110.0,0.0
121,Nuevo,Model Y,2024,52480.0,1525.0
122,Nuevo,Model Y,2024,52990.0,12.0
123,Nuevo,Model Y,2024,53060.0,0.0
124,Nuevo,Model Y,2024,61500.0,396.0
125,Nuevo,Model Y,2024,61620.0,0.0
126,Nuevo,Model Y,2024,45560.0,0.0
127,Nuevo,Model Y,2024,45890.0,5127.0
128,Nuevo,Model Y,2024,47660.0,0.0
129,Nuevo,Model Y,2024,48060.0,0.0
130,Nuevo,Model Y,2024,49410.0,0.0
131,Nuevo,Model Y,2024,50880.0,2501.0
132,Nuevo,Model Y,2024,51360.0,2857.0
133,Nuevo,Model Y,2024,56740.0,612.0
134,Nuevo,Model Y,2024,58970.0,0.0
135,Nuevo,Model Y,2024,60270.0,0.0
136,Nuevo,Model Y,2024,43780.0,2582.0
137,Nuevo,Model Y,2024,45360.0,17.0
138,Nuevo,Model Y,2024,46860.0,0.0
139,Nuevo,Model Y,2024,48930.0,3295.0
140,Nuevo,Model Y,2024,49360.0,0.0
141,Nuevo,Model Y,2024,49800.0,4053.0
142,Nuevo,Model Y,2024,50410.0,0.0
143,Nuevo,Model Y,2024,50980.0,5.0
144,Nuevo,Model Y,2024,51820.0,689.0
145,Nuevo,Model Y,2024,56870.0,23.0
146,Nuevo,Model Y,2024,56870.0,95.0
147,Nuevo,Model Y,2024,59360.0,54.0
148,Nuevo,Model Y,2024,59370.0,0.0
149,Nuevo,Model Y,2024,59960.0,831.0
150,Nuevo,Model Y,2024,45040.0,31.0
151,Nuevo,Model Y,2024,46680.0,4371.0
152,Nuevo,Model Y,2024,46720.0,1011.0
153,Nuevo,Model Y,2024,46940.0,3522.0
154,Nuevo,Model Y,2024,49360.0,0.0
155,Nuevo,Model Y,2024,50300.0,4042.0
156,Nuevo,Model Y,2024,51260.0,12.0
157,Nuevo,Model Y,2024,51760.0,0.0
158,Nuevo,Model Y,2024,52850.0,4260.0
159,Nuevo,Model Y,2024,58810.0,179.0
160,Nuevo,Model Y,2024,58920.0,0.0
161,Nuevo,Model Y,2024,61570.0,0.0
162,Nuevo,Model Y,2024,66420.0,0.0
163,Ocasion,Model S,2023,77200.0,13.0
164,Ocasion,Model S,2023,81800.0,6301.0
165,Ocasion,Model S,2023,85700.0,15.0
166,Ocasion,Model S,2018,31200.0,115.0
167,Ocasion,Model S,2018,33200.0,70.0
168,Ocasion,Model S,2018,33900.0,68.0
169,Ocasion,Model S,2023,78800.0,12.0
170,Ocasion,Model S,2023,79900.0,8276.0
171,Ocasion,Model S,2018,28900.0,117.0
172,Ocasion,Model S,2023,83600.0,3269.0
173,Ocasion,Model 3,2023,33500.0,39.0
174,Ocasion,Model 3,2024,36000.0,1817.0
175,Ocasion,Model 3,2024,37000.0,676.0
176,Ocasion,Model 3,2024,37000.0,727.0
177,Ocasion,Model 3,2023,42300.0,29.0
178,Ocasion,Model 3,2019,28900.0,60.0
179,Ocasion,Model 3,2022,31600.0,15.0
180,Ocasion,Model 3,2020,32400.0,73.0
181,Ocasion,Model 3,2021,33000.0,76.0
182,Ocasion,Model 3,2021,34000.0,42.0
183,Ocasion,Model 3,2022,39500.0,37.0
184,Ocasion,Model 3,2021,33000.0,63.0
185,Ocasion,Model 3,2024,45000.0,15.0
186,Ocasion,Model 3,2021,32500.0,79.0
187,Ocasion,Model 3,2021,33500.0,57.0
188,Ocasion,Model 3,2021,34900.0,26.0
189,Ocasion,Model 3,2022,37100.0,30.0
190,Ocasion,Model 3,2023,43200.0,18.0
191,Ocasion,Model X,2023,84000.0,20.0
192,Ocasion,Model X,2023,84600.0,15.0
193,Ocasion,Model X,2023,82500.0,11.0
194,Ocasion,Model X,2018,47900.0,108.0
195,Ocasion,Model X,2023,85500.0,21.0
196,Ocasion,Model Y,2023,43800.0,48.0
197,Ocasion,Model Y,2024,40500.0,12.0
198,Nuevo,Model S,2024,95015.0,7091.0
199,Nuevo,Model S,2024,98645.0,1306.0
200,Nuevo,Model S,2024,115925.0,0.0
201,Nuevo,Model S,2024,103525.0,0.0
202,Nuevo,Model S,2024,121025.0,54.0
203,Nuevo,Model S,2024,95885.0,23.0
204,Nuevo,Model S,2024,115725.0,3443.0
205,Nuevo,Model 3,2024,48165.0,410.0
206,Nuevo,Model 3,2024,49975.0,0.0
207,Nuevo,Model 3,2024,53775.0,0.0
211,Nuevo,Model 3,2024,41945.0,5459.0
212,Nuevo,Model 3,2024,43475.0,0.0
213,Nuevo,Model 3,2024,43975.0,0.0
220,Nuevo,Model 3,2024,40175.0,0.0
221,Nuevo,Model 3,2024,49325.0,7475.0
222,Nuevo,Model 3,2024,51275.0,0.0
226,Nuevo,Model 3,2024,43475.0,0.0
227,Nuevo,Model 3,2024,51275.0,0.0
228,Nuevo,Model 3,2024,51975.0,0.0
229,Nuevo,Model 3,2024,60475.0,0.0
230,Nuevo,Model 3,2024,61675.0,0.0
231,Nuevo,Model 3,2024,44675.0,0.0
232,Nuevo,Model 3,2024,52715.0,0.0
233,Nuevo,Model 3,2024,53675.0,0.0
234,Nuevo,Model 3,2024,58035.0,0.0
235,Nuevo,Model 3,2024,60475.0,0.0
236,Nuevo,Model X,2024,108075.0,0.0
237,Nuevo,Model X,2024,122025.0,0.0
238,Nuevo,Model X,2024,106175.0,31.0
239,Nuevo,Model X,2024,106845.0,14.0
240,Nuevo,Model X,2024,115825.0,115.0
241,Nuevo,Model X,2024,116205.0,26.0
242,Nuevo,Model X,2024,126525.0,33.0
243,Nuevo,Model Y,2024,41475.0,0.0
244,Nuevo,Model Y,2024,42605.0,3748.0
245,Nuevo,Model Y,2024,46495.0,0.0
246,Nuevo,Model Y,2024,48885.0,5268.0
247,Nuevo,Model Y,2024,49975.0,0.0
248,Nuevo,Model Y,2024,50815.0,6483.0
249,Nuevo,Model Y,2024,51325.0,0.0
250,Nuevo,Model Y,2024,51515.0,0.0
251,Nuevo,Model Y,2024,51655.0,12.0
252,Nuevo,Model Y,2024,51655.0,0.0
253,Nuevo,Model Y,2024,51655.0,0.0
254,Nuevo,Model Y,2024,53705.0,0.0
255,Nuevo,Model Y,2024,55455.0,0.0
256,Nuevo,Model Y,2024,44715.0,0.0
257,Nuevo,Model Y,2024,45935.0,0.0
258,Nuevo,Model Y,2024,51275.0,0.0
259,Nuevo,Model Y,2024,51405.0,2545.0
260,Nuevo,Model Y,2024,52475.0,0.0
261,Nuevo,Model Y,2024,53575.0,0.0
262,Nuevo,Model Y,2024,60275.0,0.0
263,Nuevo,Model Y,2024,61475.0,0.0
264,Nuevo,Model Y,2024,42645.0,0.0
265,Nuevo,Model Y,2024,44715.0,0.0
266,Nuevo,Model Y,2024,45795.0,0.0
267,Nuevo,Model Y,2024,49995.0,5887.0
268,Nuevo,Model Y,2024,51275.0,0.0
269,Nuevo,Model Y,2024,52625.0,0.0
270,Nuevo,Model Y,2024,52635.0,3709.0
271,Nuevo,Model Y,2024,52755.0,0.0
272,Nuevo,Model Y,2024,53795.0,0.0
273,Nuevo,Model Y,2024,54035.0,0.0
274,Nuevo,Model Y,2024,54985.0,4042.0
275,Nuevo,Model Y,2024,56215.0,0.0
276,Nuevo,Model Y,2024,57315.0,0.0
277,Nuevo,Model Y,2024,58455.0,0.0
278,Nuevo,Model Y,2024,59735.0,0.0
279,Nuevo,Model Y,2024,43815.0,87.0
280,Nuevo,Model Y,2024,43815.0,0.0
281,Nuevo,Model Y,2024,44895.0,0.0
282,Nuevo,Model Y,2024,45035.0,0.0
283,Nuevo,Model Y,2024,45525.0,5023.0
284,Nuevo,Model Y,2024,52355.0,5014.0
285,Nuevo,Model Y,2024,52575.0,0.0
286,Nuevo,Model Y,2024,55035.0,0.0
287,Nuevo,Model Y,2024,43815.0,0.0
288,Nuevo,Model Y,2024,46115.0,0.0
289,Nuevo,Model Y,2024,52845.0,0.0
290,Nuevo,Model Y,2024,54125.0,0.0
291,Nuevo,Model Y,2024,61575.0,0.0
292,Ocasion,Model 3,2021,35900.0,40.0
293,Ocasion,Model 3,2024,46500.0,16.0
294,Ocasion,Model 3,2019,26500.0,139.0
295,Ocasion,Model 3,2020,32900.0,81.0
296,Ocasion,Model 3,2022,45100.0,27.0
297,Ocasion,Model 3,2023,44900.0,14.0
298,Ocasion,Model 3,2022,48600.0,19.0
299,Ocasion,Model X,2019,58000.0,64.0
300,Ocasion,Model Y,2022,42600.0,35.0
301,Ocasion,Model Y,2022,42700.0,54.0
302,Ocasion,Model Y,2022,43800.0,32.0
303,Ocasion,Model Y,2022,43800.0,31.0
304,Ocasion,Model Y,2022,45600.0,28.0
305,Ocasion,Model Y,2022,45600.0,28.0
306,Ocasion,Model Y,2022,42200.0,34.0
307,Ocasion,Model Y,2022,44500.0,31.0
308,Ocasion,Model Y,2022,47300.0,46.0
309,Ocasion,Model Y,2022,48000.0,37.0
310,Ocasion,Model Y,2022,42300.0,36.0
311,Nuevo,Model S,2024,83980.0,3.0
312,Nuevo,Model S,2024,90030.0,723.0
313,Nuevo,Model S,2024,115290.0,0.0
314,Nuevo,Model S,2024,87040.0,5.0
315,Nuevo,Model S,2024,91960.0,31.0
316,Nuevo,Model S,2024,102280.0,1.0
317,Nuevo,Model S,2024,109940.0,541.0
318,Nuevo,Model S,2024,115490.0,0.0
319,Nuevo,Model S,2024,89040.0,1.0
320,Nuevo,Model S,2024,115680.0,26.0
321,Nuevo,Model S,2024,118890.0,0.0
322,Nuevo,Model S,2024,121690.0,0.0
323,Nuevo,Model S,2024,101140.0,5.0
324,Nuevo,Model S,2024,102090.0,21.0
325,Nuevo,Model 3,2024,39990.0,0.0
326,Nuevo,Model 3,2024,41180.0,0.0
327,Nuevo,Model 3,2024,41180.0,0.0
328,Nuevo,Model 3,2024,41180.0,0.0
329,Nuevo,Model 3,2024,41340.0,0.0
330,Nuevo,Model 3,2024,42530.0,0.0
331,Nuevo,Model 3,2024,42530.0,0.0
332,Nuevo,Model 3,2024,44400.0,12.0
333,Nuevo,Model 3,2024,44990.0,0.0
334,Nuevo,Model 3,2024,45140.0,0.0
335,Nuevo,Model 3,2024,45380.0,9.0
336,Nuevo,Model 3,2024,47210.0,6.0
337,Nuevo,Model 3,2024,47470.0,5.0
338,Nuevo,Model 3,2024,47520.0,2.0
339,Nuevo,Model 3,2024,48620.0,15.0
340,Nuevo,Model 3,2024,49990.0,0.0
341,Nuevo,Model 3,2024,49990.0,0.0
342,Nuevo,Model 3,2024,51180.0,0.0
343,Nuevo,Model 3,2024,51180.0,0.0
344,Nuevo,Model 3,2024,51340.0,0.0
345,Nuevo,Model 3,2024,52080.0,15.0
346,Nuevo,Model 3,2024,52370.0,0.0
347,Nuevo,Model 3,2024,52530.0,0.0
348,Nuevo,Model 3,2024,53790.0,0.0
349,Nuevo,Model 3,2024,55160.0,0.0
350,Nuevo,Model 3,2024,57490.0,0.0
351,Nuevo,Model 3,2024,58680.0,0.0
352,Nuevo,Model 3,2024,39800.0,60.0
353,Nuevo,Model 3,2024,41140.0,15.0
354,Nuevo,Model 3,2024,41290.0,0.0
355,Nuevo,Model 3,2024,41290.0,0.0
356,Nuevo,Model 3,2024,42080.0,12.0
357,Nuevo,Model 3,2024,42480.0,0.0
358,Nuevo,Model 3,2024,42480.0,0.0
359,Nuevo,Model 3,2024,42640.0,0.0
360,Nuevo,Model 3,2024,42640.0,0.0
361,Nuevo,Model 3,2024,42640.0,0.0
362,Nuevo,Model 3,2024,42640.0,0.0
363,Nuevo,Model 3,2024,46290.0,0.0
364,Nuevo,Model 3,2024,47480.0,0.0
365,Nuevo,Model 3,2024,47480.0,0.0
366,Nuevo,Model 3,2024,51290.0,0.0
367,Nuevo,Model 3,2024,51290.0,0.0
368,Nuevo,Model 3,2024,51290.0,0.0
369,Nuevo,Model 3,2024,51290.0,0.0
370,Nuevo,Model 3,2024,52480.0,0.0
371,Nuevo,Model 3,2024,58790.0,0.0
372,Nuevo,Model 3,2024,59980.0,0.0
373,Nuevo,Model 3,2024,62590.0,0.0
374,Nuevo,Model 3,2024,40080.0,0.0
375,Nuevo,Model 3,2024,40520.0,1.0
376,Nuevo,Model 3,2024,40610.0,851.0
377,Nuevo,Model 3,2024,41140.0,0.0
378,Nuevo,Model 3,2024,41160.0,21.0
379,Nuevo,Model 3,2024,41290.0,0.0
380,Nuevo,Model 3,2024,41440.0,15.0
381,Nuevo,Model 3,2024,41440.0,15.0
382,Nuevo,Model 3,2024,41440.0,29.0
383,Nuevo,Model 3,2024,41440.0,2.0
384,Nuevo,Model 3,2024,42480.0,0.0
385,Nuevo,Model 3,2024,42480.0,0.0
386,Nuevo,Model 3,2024,42640.0,0.0
387,Nuevo,Model 3,2024,42640.0,0.0
388,Nuevo,Model 3,2024,49330.0,0.0
389,Nuevo,Model 3,2024,50170.0,1.0
390,Nuevo,Model 3,2024,50600.0,0.0
391,Nuevo,Model 3,2024,51290.0,0.0
392,Nuevo,Model 3,2024,51290.0,0.0
393,Nuevo,Model 3,2024,52480.0,0.0
394,Nuevo,Model 3,2024,52480.0,0.0
395,Nuevo,Model 3,2024,52640.0,0.0
396,Nuevo,Model 3,2024,58790.0,0.0
397,Nuevo,Model 3,2024,62590.0,0.0
398,Nuevo,Model 3,2024,42640.0,0.0
399,Nuevo,Model 3,2024,46440.0,0.0
400,Nuevo,Model 3,2024,51290.0,0.0
401,Nuevo,Model 3,2024,51290.0,0.0
402,Nuevo,Model 3,2024,52480.0,0.0
403,Nuevo,Model 3,2024,52640.0,0.0
404,Nuevo,Model 3,2024,53670.0,0.0
405,Nuevo,Model 3,2024,56280.0,0.0
406,Nuevo,Model 3,2024,58790.0,0.0
407,Nuevo,Model 3,2024,41990.0,0.0
408,Nuevo,Model 3,2024,43180.0,0.0
409,Nuevo,Model 3,2024,43180.0,0.0
410,Nuevo,Model 3,2024,43340.0,0.0
411,Nuevo,Model 3,2024,43340.0,0.0
412,Nuevo,Model 3,2024,46980.0,0.0
413,Nuevo,Model 3,2024,51990.0,0.0
414,Nuevo,Model 3,2024,53340.0,0.0
415,Nuevo,Model 3,2024,56980.0,0.0
416,Nuevo,Model 3,2024,59490.0,0.0
417,Nuevo,Model 3,2024,38770.0,3.0
418,Nuevo,Model 3,2024,41830.0,12.0
419,Nuevo,Model 3,2024,41850.0,52.0
420,Nuevo,Model 3,2024,41990.0,0.0
421,Nuevo,Model 3,2024,41990.0,0.0
422,Nuevo,Model 3,2024,42010.0,15.0
423,Nuevo,Model 3,2024,43010.0,23.0
424,Nuevo,Model 3,2024,43120.0,12.0
425,Nuevo,Model 3,2024,43180.0,0.0
426,Nuevo,Model 3,2024,43180.0,0.0
427,Nuevo,Model 3,2024,43280.0,12.0
428,Nuevo,Model 3,2024,43340.0,0.0
429,Nuevo,Model 3,2024,43340.0,0.0
430,Nuevo,Model 3,2024,45790.0,0.0
431,Nuevo,Model 3,2024,45790.0,0.0
432,Nuevo,Model 3,2024,50410.0,13.0
433,Nuevo,Model 3,2024,51520.0,70.0
434,Nuevo,Model 3,2024,51560.0,0.0
435,Nuevo,Model 3,2024,51990.0,0.0
436,Nuevo,Model 3,2024,52580.0,15.0
437,Nuevo,Model 3,2024,52700.0,14.0
438,Nuevo,Model 3,2024,53000.0,12.0
439,Nuevo,Model 3,2024,53180.0,0.0
440,Nuevo,Model 3,2024,53180.0,0.0
441,Nuevo,Model 3,2024,53880.0,15.0
442,Nuevo,Model 3,2024,55720.0,0.0
443,Nuevo,Model 3,2024,59490.0,0.0
444,Nuevo,Model 3,2024,64480.0,0.0
445,Nuevo,Model X,2024,103390.0,0.0
446,Nuevo,Model X,2024,117090.0,0.0
447,Nuevo,Model X,2024,120890.0,0.0
448,Nuevo,Model X,2024,102580.0,17.0
449,Nuevo,Model X,2024,108190.0,0.0
450,Nuevo,Model X,2024,109390.0,0.0
451,Nuevo,Model X,2024,115290.0,0.0
452,Nuevo,Model X,2024,118690.0,0.0
453,Nuevo,Model X,2024,119290.0,0.0
454,Nuevo,Model X,2024,112810.0,401.0
455,Nuevo,Model X,2024,118690.0,60.0
456,Nuevo,Model X,2024,124890.0,0.0
457,Nuevo,Model X,2024,109290.0,86.0
458,Nuevo,Model X,2024,112790.0,0.0
459,Nuevo,Model X,2024,117590.0,0.0
460,Nuevo,Model X,2024,126890.0,0.0
461,Nuevo,Model X,2024,119990.0,0.0
462,Nuevo,Model X,2024,108980.0,26.0
463,Nuevo,Model X,2024,113290.0,197.0
464,Nuevo,Model X,2024,133390.0,0.0
465,Nuevo,Model Y,2024,39620.0,5.0
466,Nuevo,Model Y,2024,40990.0,50.0
467,Nuevo,Model Y,2024,40990.0,0.0
468,Nuevo,Model Y,2024,40990.0,226.0
469,Nuevo,Model Y,2024,42180.0,0.0
470,Nuevo,Model Y,2024,42340.0,0.0
471,Nuevo,Model Y,2024,43090.0,0.0
472,Nuevo,Model Y,2024,43090.0,0.0
473,Nuevo,Model Y,2024,44280.0,0.0
474,Nuevo,Model Y,2024,46990.0,0.0
475,Nuevo,Model Y,2024,47800.0,5.0
476,Nuevo,Model Y,2024,47990.0,0.0
477,Nuevo,Model Y,2024,47990.0,0.0
478,Nuevo,Model Y,2024,48180.0,0.0
479,Nuevo,Model Y,2024,49180.0,0.0
480,Nuevo,Model Y,2024,49180.0,0.0
481,Nuevo,Model Y,2024,49180.0,0.0
482,Nuevo,Model Y,2024,49340.0,0.0
483,Nuevo,Model Y,2024,49340.0,0.0
484,Nuevo,Model Y,2024,50090.0,0.0
485,Nuevo,Model Y,2024,50530.0,0.0
486,Nuevo,Model Y,2024,50790.0,0.0
487,Nuevo,Model Y,2024,51260.0,0.0
488,Nuevo,Model Y,2024,51280.0,0.0
489,Nuevo,Model Y,2024,51440.0,0.0
490,Nuevo,Model Y,2024,52590.0,9.0
491,Nuevo,Model Y,2024,52630.0,0.0
492,Nuevo,Model Y,2024,53330.0,0.0
493,Nuevo,Model Y,2024,53990.0,0.0
494,Nuevo,Model Y,2024,54330.0,15.0
495,Nuevo,Model Y,2024,55180.0,0.0
496,Nuevo,Model Y,2024,55180.0,0.0
497,Nuevo,Model Y,2024,55340.0,0.0
498,Nuevo,Model Y,2024,57790.0,0.0
499,Nuevo,Model Y,2024,59140.0,0.0
500,Nuevo,Model Y,2024,42290.0,0.0
501,Nuevo,Model Y,2024,42290.0,0.0
502,Nuevo,Model Y,2024,43480.0,0.0
503,Nuevo,Model Y,2024,43640.0,0.0
504,Nuevo,Model Y,2024,43640.0,0.0
505,Nuevo,Model Y,2024,44390.0,0.0
506,Nuevo,Model Y,2024,44390.0,0.0
507,Nuevo,Model Y,2024,47830.0,59.0
508,Nuevo,Model Y,2024,49290.0,0.0
509,Nuevo,Model Y,2024,49290.0,0.0
510,Nuevo,Model Y,2024,49290.0,0.0
511,Nuevo,Model Y,2024,49290.0,145.0
512,Nuevo,Model Y,2024,50480.0,0.0
513,Nuevo,Model Y,2024,50640.0,0.0
514,Nuevo,Model Y,2024,51390.0,0.0
515,Nuevo,Model Y,2024,51390.0,0.0
516,Nuevo,Model Y,2024,51830.0,0.0
517,Nuevo,Model Y,2024,52580.0,0.0
518,Nuevo,Model Y,2024,52740.0,0.0
519,Nuevo,Model Y,2024,53090.0,0.0
520,Nuevo,Model Y,2024,53090.0,0.0
521,Nuevo,Model Y,2024,53290.0,0.0
522,Nuevo,Model Y,2024,54280.0,0.0
523,Nuevo,Model Y,2024,54440.0,0.0
524,Nuevo,Model Y,2024,54640.0,0.0
525,Nuevo,Model Y,2024,55290.0,0.0
526,Nuevo,Model Y,2024,55290.0,0.0
527,Nuevo,Model Y,2024,55390.0,0.0
528,Nuevo,Model Y,2024,56480.0,0.0
529,Nuevo,Model Y,2024,56480.0,0.0
530,Nuevo,Model Y,2024,56640.0,0.0
531,Nuevo,Model Y,2024,56640.0,0.0
532,Nuevo,Model Y,2024,60280.0,0.0
533,Nuevo,Model Y,2024,49290.0,0.0
534,Nuevo,Model Y,2024,50640.0,0.0
535,Nuevo,Model Y,2024,51390.0,0.0
536,Nuevo,Model Y,2024,51390.0,0.0
537,Nuevo,Model Y,2024,55290.0,0.0
538,Nuevo,Model Y,2024,56640.0,0.0
539,Nuevo,Model Y,2024,57830.0,0.0
540,Nuevo,Model Y,2024,43590.0,0.0
541,Nuevo,Model Y,2024,46880.0,0.0
542,Nuevo,Model Y,2024,49590.0,0.0
543,Nuevo,Model Y,2024,50590.0,0.0
544,Nuevo,Model Y,2024,51780.0,0.0
545,Nuevo,Model Y,2024,52690.0,0.0
546,Nuevo,Model Y,2024,54040.0,0.0
547,Nuevo,Model Y,2024,54700.0,115.0
548,Nuevo,Model Y,2024,55930.0,59.0
549,Nuevo,Model Y,2024,56590.0,0.0
550,Nuevo,Model Y,2024,57780.0,0.0
551,Nuevo,Model Y,2024,57940.0,0.0
552,Nuevo,Model Y,2024,60390.0,0.0
553,Nuevo,Model Y,2024,61740.0,0.0
554,Nuevo,Model Y,2024,63050.0,86.0
555,Nuevo,Model Y,2024,44940.0,0.0
556,Nuevo,Model Y,2024,50590.0,0.0
557,Nuevo,Model Y,2024,51940.0,0.0
558,Nuevo,Model Y,2024,52690.0,0.0
559,Nuevo,Model Y,2024,54620.0,0.0
560,Nuevo,Model Y,2024,55230.0,0.0
561,Nuevo,Model Y,2024,56590.0,0.0
562,Nuevo,Model Y,2024,56590.0,0.0
563,Nuevo,Model Y,2024,56690.0,0.0
564,Nuevo,Model Y,2024,57780.0,0.0
565,Nuevo,Model Y,2024,57940.0,0.0
566,Ocasion,Model S,2019,43400.0,96.0
567,Ocasion,Model S,2018,37000.0,92.0
568,Ocasion,Model S,2018,37500.0,91.0
569,Ocasion,Model S,2018,38000.0,84.0
570,Ocasion,Model S,2019,41400.0,102.0
571,Ocasion,Model S,2019,44500.0,99.0
572,Ocasion,Model S,2023,88500.0,27.0
573,Ocasion,Model S,2020,51500.0,96.0
574,Ocasion,Model S,2020,53550.0,58.0
575,Ocasion,Model S,2023,96400.0,50.0
576,Ocasion,Model S,2018,28600.0,127.0
577,Ocasion,Model S,2019,45900.0,56.0
578,Ocasion,Model S,2019,46700.0,90.0
579,Ocasion,Model 3,2019,26900.0,136.0
580,Ocasion,Model 3,2020,28400.0,94.0
581,Ocasion,Model 3,2020,28800.0,68.0
582,Ocasion,Model 3,2021,29500.0,112.0
583,Ocasion,Model 3,2021,30100.0,57.0
584,Ocasion,Model 3,2021,30700.0,46.0
585,Ocasion,Model 3,2020,30800.0,52.0
586,Ocasion,Model 3,2020,30800.0,53.0
587,Ocasion,Model 3,2019,30900.0,63.0
588,Ocasion,Model 3,2020,31200.0,49.0
589,Ocasion,Model 3,2021,31400.0,79.0
590,Ocasion,Model 3,2020,31700.0,65.0
591,Ocasion,Model 3,2020,31900.0,55.0
592,Ocasion,Model 3,2020,31900.0,61.0
593,Ocasion,Model 3,2021,31900.0,76.0
594,Ocasion,Model 3,2021,32400.0,37.0
595,Ocasion,Model 3,2020,32500.0,44.0
596,Ocasion,Model 3,2021,33500.0,24.0
597,Ocasion,Model 3,2020,34600.0,40.0
598,Ocasion,Model 3,2021,38200.0,31.0
599,Ocasion,Model 3,2019,31200.0,55.0
600,Ocasion,Model 3,2019,33000.0,51.0
601,Ocasion,Model 3,2020,33200.0,63.0
602,Ocasion,Model 3,2023,35500.0,36.0
603,Ocasion,Model 3,2023,36400.0,28.0
604,Ocasion,Model 3,2024,48500.0,6.0
605,Ocasion,Model 3,2021,29300.0,40.0
606,Ocasion,Model 3,2020,30100.0,56.0
607,Ocasion,Model 3,2021,30600.0,50.0
608,Ocasion,Model 3,2020,31800.0,22.0
609,Ocasion,Model 3,2020,32000.0,78.0
610,Ocasion,Model 3,2021,33300.0,90.0
611,Ocasion,Model 3,2021,37900.0,43.0
612,Ocasion,Model 3,2020,26500.0,54.0
613,Ocasion,Model 3,2019,29400.0,65.0
614,Ocasion,Model 3,2021,29600.0,40.0
615,Ocasion,Model 3,2020,32000.0,46.0
616,Ocasion,Model 3,2019,32400.0,45.0
617,Ocasion,Model 3,2021,33400.0,88.0
618,Ocasion,Model 3,2020,34200.0,30.0
619,Ocasion,Model 3,2021,35100.0,74.0
620,Ocasion,Model 3,2023,45100.0,12.0
621,Ocasion,Model 3,2023,46500.0,28.0
622,Ocasion,Model 3,2021,28600.0,136.0
623,Ocasion,Model 3,2022,29700.0,68.0
624,Ocasion,Model 3,2021,33100.0,64.0
625,Ocasion,Model 3,2020,34200.0,38.0
626,Ocasion,Model 3,2023,35100.0,26.0
627,Ocasion,Model 3,2021,36700.0,42.0
628,Ocasion,Model 3,2024,41900.0,13.0
629,Ocasion,Model X,2020,54100.0,91.0
630,Ocasion,Model X,2019,52600.0,95.0
631,Ocasion,Model X,2019,55000.0,59.0
632,Ocasion,Model X,2019,44200.0,114.0
633,Ocasion,Model X,2018,43200.0,91.0
634,Ocasion,Model X,2020,47000.0,130.0
635,Ocasion,Model X,2019,48500.0,75.0
636,Ocasion,Model X,2019,49000.0,98.0
637,Ocasion,Model X,2018,49900.0,52.0
638,Ocasion,Model X,2019,51400.0,84.0
639,Ocasion,Model X,2019,53800.0,64.0
640,Ocasion,Model X,2020,55500.0,124.0
641,Ocasion,Model X,2019,56000.0,55.0
642,Ocasion,Model Y,2022,46400.0,20.0
643,Ocasion,Model Y,2022,48400.0,14.0
644,Ocasion,Model Y,2023,44300.0,10.0
645,Nuevo,Model S,2024,97475.0,0.0
646,Nuevo,Model S,2024,103425.0,99.0
647,Nuevo,Model S,2024,103425.0,0.0
648,Nuevo,Model S,2024,112475.0,0.0
649,Nuevo,Model S,2024,112645.0,2.0
650,Nuevo,Model S,2024,90655.0,1.0
651,Nuevo,Model S,2024,89825.0,2.0
652,Nuevo,Model S,2024,90695.0,1.0
653,Nuevo,Model S,2024,93265.0,1.0
654,Nuevo,Model S,2024,93265.0,1.0
655,Nuevo,Model S,2024,90755.0,2.0
656,Nuevo,Model S,2024,92465.0,4.0
657,Nuevo,Model S,2024,116335.0,313.0
658,Nuevo,Model 3,2024,42175.0,0.0
659,Nuevo,Model 3,2024,42175.0,0.0
660,Nuevo,Model 3,2024,42675.0,0.0
661,Nuevo,Model 3,2024,43525.0,0.0
662,Nuevo,Model 3,2024,45975.0,0.0
663,Nuevo,Model 3,2024,46475.0,0.0
664,Nuevo,Model 3,2024,47675.0,0.0
665,Nuevo,Model 3,2024,49975.0,0.0
666,Nuevo,Model 3,2024,49975.0,0.0
667,Nuevo,Model 3,2024,51675.0,0.0
668,Nuevo,Model 3,2024,53025.0,0.0
669,Nuevo,Model 3,2024,58475.0,0.0
670,Nuevo,Model 3,2024,59675.0,0.0
671,Nuevo,Model 3,2024,42275.0,0.0
672,Nuevo,Model 3,2024,42275.0,0.0
673,Nuevo,Model 3,2024,43475.0,0.0
674,Nuevo,Model 3,2024,43625.0,0.0
675,Nuevo,Model 3,2024,43975.0,0.0
676,Nuevo,Model 3,2024,47275.0,0.0
677,Nuevo,Model 3,2024,48475.0,0.0
678,Nuevo,Model 3,2024,48975.0,0.0
679,Nuevo,Model 3,2024,51275.0,0.0
680,Nuevo,Model 3,2024,51275.0,0.0
681,Nuevo,Model 3,2024,52475.0,0.0
682,Nuevo,Model 3,2024,59775.0,0.0
683,Nuevo,Model 3,2024,42275.0,0.0
684,Nuevo,Model 3,2024,42275.0,63.0
685,Nuevo,Model 3,2024,43625.0,0.0
686,Nuevo,Model 3,2024,43975.0,0.0
687,Nuevo,Model 3,2024,49385.0,0.0
688,Nuevo,Model 3,2024,49525.0,0.0
689,Nuevo,Model 3,2024,51275.0,0.0
690,Nuevo,Model 3,2024,56995.0,1.0
691,Nuevo,Model 3,2024,57285.0,815.0
692,Nuevo,Model 3,2024,57375.0,0.0
693,Nuevo,Model 3,2024,57575.0,13.0
694,Nuevo,Model 3,2024,49755.0,4.0
695,Nuevo,Model 3,2024,51275.0,0.0
696,Nuevo,Model 3,2024,52975.0,0.0
697,Nuevo,Model 3,2024,59775.0,0.0
698,Nuevo,Model 3,2024,40815.0,2.0
699,Nuevo,Model 3,2024,40935.0,1.0
700,Nuevo,Model 3,2024,42975.0,0.0
701,Nuevo,Model 3,2024,42975.0,0.0
702,Nuevo,Model 3,2024,44175.0,0.0
703,Nuevo,Model 3,2024,44675.0,0.0
704,Nuevo,Model 3,2024,51975.0,0.0
705,Nuevo,Model 3,2024,51975.0,62.0
706,Nuevo,Model 3,2024,42975.0,0.0
707,Nuevo,Model 3,2024,44675.0,0.0
708,Nuevo,Model 3,2024,47185.0,615.0
709,Nuevo,Model 3,2024,47355.0,78.0
710,Nuevo,Model 3,2024,48435.0,536.0
711,Nuevo,Model 3,2024,48545.0,9.0
712,Nuevo,Model 3,2024,51975.0,0.0
713,Nuevo,Model 3,2024,52195.0,13.0
714,Nuevo,Model 3,2024,52765.0,4.0
715,Nuevo,Model 3,2024,53675.0,0.0
716,Nuevo,Model 3,2024,57655.0,2.0
717,Nuevo,Model 3,2024,60475.0,0.0
718,Nuevo,Model X,2024,95295.0,2.0
719,Nuevo,Model X,2024,103375.0,1.0
720,Nuevo,Model X,2024,105475.0,0.0
721,Nuevo,Model X,2024,109135.0,6.0
722,Nuevo,Model X,2024,109775.0,0.0
723,Nuevo,Model X,2024,111425.0,0.0
724,Nuevo,Model X,2024,111425.0,0.0
725,Nuevo,Model X,2024,116825.0,0.0
726,Nuevo,Model X,2024,119325.0,0.0
727,Nuevo,Model X,2024,119325.0,92.0
728,Nuevo,Model X,2024,111765.0,1.0
729,Nuevo,Model X,2024,117325.0,0.0
730,Nuevo,Model X,2024,120925.0,0.0
731,Nuevo,Model X,2024,107455.0,1.0
732,Nuevo,Model X,2024,108825.0,2.0
733,Nuevo,Model X,2024,112285.0,94.0
734,Nuevo,Model X,2024,117475.0,1.0
735,Nuevo,Model X,2024,108685.0,2.0
736,Nuevo,Model X,2024,115025.0,1.0
737,Nuevo,Model X,2024,119325.0,0.0
738,Nuevo,Model Y,2024,39675.0,0.0
739,Nuevo,Model Y,2024,40215.0,1.0
740,Nuevo,Model Y,2024,40875.0,0.0
741,Nuevo,Model Y,2024,41025.0,0.0
742,Nuevo,Model Y,2024,41875.0,0.0
743,Nuevo,Model Y,2024,42225.0,0.0
744,Nuevo,Model Y,2024,43075.0,0.0
745,Nuevo,Model Y,2024,43075.0,0.0
746,Nuevo,Model Y,2024,43225.0,0.0
747,Nuevo,Model Y,2024,43225.0,0.0
748,Nuevo,Model Y,2024,45975.0,0.0
749,Nuevo,Model Y,2024,47325.0,0.0
750,Nuevo,Model Y,2024,47635.0,1.0
751,Nuevo,Model Y,2024,48175.0,0.0
752,Nuevo,Model Y,2024,48255.0,5.0
753,Nuevo,Model Y,2024,48255.0,0.0
754,Nuevo,Model Y,2024,48975.0,0.0
755,Nuevo,Model Y,2024,48975.0,0.0
756,Nuevo,Model Y,2024,49195.0,12.0
757,Nuevo,Model Y,2024,50175.0,0.0
758,Nuevo,Model Y,2024,50175.0,0.0
759,Nuevo,Model Y,2024,50325.0,0.0
760,Nuevo,Model Y,2024,50325.0,0.0
761,Nuevo,Model Y,2024,50865.0,2.0
762,Nuevo,Model Y,2024,51005.0,2.0
763,Nuevo,Model Y,2024,51175.0,0.0
764,Nuevo,Model Y,2024,52525.0,0.0
765,Nuevo,Model Y,2024,52825.0,321.0
766,Nuevo,Model Y,2024,52915.0,56.0
767,Nuevo,Model Y,2024,54255.0,4.0
768,Nuevo,Model Y,2024,54975.0,0.0
769,Nuevo,Model Y,2024,54975.0,0.0
770,Nuevo,Model Y,2024,55175.0,0.0
771,Nuevo,Model Y,2024,55585.0,4.0
772,Nuevo,Model Y,2024,55755.0,12.0
773,Nuevo,Model Y,2024,56175.0,0.0
774,Nuevo,Model Y,2024,56175.0,0.0
775,Nuevo,Model Y,2024,56325.0,0.0
776,Nuevo,Model Y,2024,56325.0,0.0
777,Nuevo,Model Y,2024,57525.0,0.0
778,Nuevo,Model Y,2024,41875.0,0.0
779,Nuevo,Model Y,2024,41875.0,0.0
780,Nuevo,Model Y,2024,48975.0,0.0
781,Nuevo,Model Y,2024,50175.0,0.0
782,Nuevo,Model Y,2024,50175.0,0.0
783,Nuevo,Model Y,2024,50325.0,0.0
784,Nuevo,Model Y,2024,51175.0,0.0
785,Nuevo,Model Y,2024,51525.0,0.0
786,Nuevo,Model Y,2024,52765.0,0.0
787,Nuevo,Model Y,2024,52775.0,9.0
788,Nuevo,Model Y,2024,52915.0,62.0
789,Nuevo,Model Y,2024,53975.0,0.0
790,Nuevo,Model Y,2024,54975.0,0.0
791,Nuevo,Model Y,2024,56175.0,0.0
792,Nuevo,Model Y,2024,56325.0,0.0
793,Nuevo,Model Y,2024,56565.0,0.0
794,Nuevo,Model Y,2024,58775.0,0.0
795,Nuevo,Model Y,2024,42175.0,0.0
796,Nuevo,Model Y,2024,42325.0,0.0
797,Nuevo,Model Y,2024,43175.0,0.0
798,Nuevo,Model Y,2024,43175.0,0.0
799,Nuevo,Model Y,2024,46895.0,3.0
800,Nuevo,Model Y,2024,47075.0,0.0
801,Nuevo,Model Y,2024,47895.0,13.0
802,Nuevo,Model Y,2024,49145.0,0.0
803,Nuevo,Model Y,2024,49415.0,3.0
804,Nuevo,Model Y,2024,51475.0,0.0
805,Nuevo,Model Y,2024,51625.0,0.0
806,Nuevo,Model Y,2024,51625.0,0.0
807,Nuevo,Model Y,2024,57475.0,0.0
808,Nuevo,Model Y,2024,60075.0,0.0
809,Nuevo,Model Y,2024,41465.0,733.0
810,Nuevo,Model Y,2024,42275.0,0.0
811,Nuevo,Model Y,2024,43475.0,0.0
812,Nuevo,Model Y,2024,43625.0,0.0
813,Nuevo,Model Y,2024,44475.0,0.0
814,Nuevo,Model Y,2024,51575.0,0.0
815,Nuevo,Model Y,2024,52775.0,0.0
816,Nuevo,Model Y,2024,52775.0,0.0
817,Nuevo,Model Y,2024,53775.0,0.0
818,Nuevo,Model Y,2024,56605.0,5.0
819,Nuevo,Model Y,2024,57575.0,0.0
820,Nuevo,Model Y,2024,57575.0,0.0
821,Nuevo,Model Y,2024,58775.0,0.0
822,Nuevo,Model Y,2024,58925.0,0.0
823,Nuevo,Model Y,2024,60125.0,0.0
824,Nuevo,Model Y,2024,42275.0,0.0
825,Nuevo,Model Y,2024,43475.0,0.0
826,Nuevo,Model Y,2024,43625.0,0.0
827,Nuevo,Model Y,2024,48295.0,0.0
828,Nuevo,Model Y,2024,51575.0,0.0
829,Nuevo,Model Y,2024,52775.0,0.0
830,Nuevo,Model Y,2024,52925.0,0.0
831,Nuevo,Model Y,2024,53055.0,1.0
832,Nuevo,Model Y,2024,53935.0,0.0
833,Nuevo,Model Y,2024,57575.0,0.0
834,Nuevo,Model Y,2024,57575.0,0.0
835,Nuevo,Model Y,2024,57735.0,0.0
836,Nuevo,Model Y,2024,58775.0,0.0
837,Nuevo,Model Y,2024,58925.0,0.0
838,Nuevo,Model Y,2024,58925.0,0.0
839,Ocasion,Model S,2020,46000.0,80.0
840,Ocasion,Model 3,2020,26300.0,87.0
841,Ocasion,Model 3,2020,28200.0,109.0
842,Ocasion,Model 3,2020,28900.0,39.0
843,Ocasion,Model 3,2020,29100.0,51.0
844,Ocasion,Model 3,2020,29300.0,92.0
845,Ocasion,Model 3,2020,29800.0,71.0
846,Ocasion,Model 3,2019,30500.0,52.0
847,Ocasion,Model 3,2020,30500.0,65.0
848,Ocasion,Model 3,2021,30500.0,109.0
849,Ocasion,Model 3,2021,30700.0,88.0
850,Ocasion,Model 3,2020,30700.0,44.0
851,Ocasion,Model 3,2020,30800.0,75.0
852,Ocasion,Model 3,2020,31200.0,67.0
853,Ocasion,Model 3,2020,31200.0,59.0
854,Ocasion,Model 3,2019,31300.0,48.0
855,Ocasion,Model 3,2020,31600.0,72.0
856,Ocasion,Model 3,2020,31700.0,58.0
857,Ocasion,Model 3,2020,31900.0,53.0
858,Ocasion,Model 3,2020,32200.0,58.0
859,Ocasion,Model 3,2020,32300.0,49.0
860,Ocasion,Model 3,2020,32500.0,47.0
861,Ocasion,Model 3,2020,32500.0,55.0
862,Ocasion,Model 3,2020,33000.0,60.0
863,Ocasion,Model 3,2021,33100.0,79.0
864,Ocasion,Model 3,2022,33100.0,101.0
865,Ocasion,Model 3,2021,34100.0,46.0
866,Ocasion,Model 3,2021,34900.0,50.0
867,Ocasion,Model 3,2021,35100.0,39.0
868,Ocasion,Model 3,2021,35200.0,37.0
869,Ocasion,Model 3,2021,35300.0,33.0
870,Ocasion,Model 3,2020,35400.0,48.0
871,Ocasion,Model 3,2023,35700.0,17.0
872,Ocasion,Model 3,2023,35700.0,10.0
873,Ocasion,Model 3,2020,36100.0,31.0
874,Ocasion,Model 3,2023,36400.0,16.0
875,Ocasion,Model 3,2023,36400.0,23.0
876,Ocasion,Model 3,2023,36500.0,10.0
877,Ocasion,Model 3,2023,36500.0,7.0
878,Ocasion,Model 3,2023,36700.0,15.0
879,Ocasion,Model 3,2022,37000.0,61.0
880,Ocasion,Model 3,2021,38000.0,46.0
881,Ocasion,Model 3,2021,38300.0,12.0
882,Ocasion,Model 3,2022,40400.0,29.0
883,Ocasion,Model 3,2019,27500.0,111.0
884,Ocasion,Model 3,2020,28800.0,90.0
885,Ocasion,Model 3,2019,30400.0,79.0
886,Ocasion,Model 3,2020,31000.0,58.0
887,Ocasion,Model 3,2020,34400.0,35.0
888,Ocasion,Model 3,2023,35500.0,19.0
889,Ocasion,Model 3,2023,35700.0,18.0
890,Ocasion,Model 3,2023,36200.0,9.0
891,Ocasion,Model 3,2024,41100.0,17.0
892,Ocasion,Model 3,2020,27800.0,54.0
893,Ocasion,Model 3,2020,29700.0,80.0
894,Ocasion,Model 3,2019,30300.0,55.0
895,Ocasion,Model 3,2020,31200.0,57.0
896,Ocasion,Model 3,2020,32800.0,46.0
897,Ocasion,Model 3,2020,33100.0,56.0
898,Ocasion,Model 3,2020,33900.0,73.0
899,Ocasion,Model 3,2020,26900.0,125.0
900,Ocasion,Model 3,2019,26900.0,63.0
901,Ocasion,Model 3,2019,27400.0,129.0
902,Ocasion,Model 3,2019,27400.0,132.0
903,Ocasion,Model 3,2020,27700.0,60.0
904,Ocasion,Model 3,2019,27800.0,127.0
905,Ocasion,Model 3,2020,27900.0,119.0
906,Ocasion,Model 3,2019,28300.0,97.0
907,Ocasion,Model 3,2021,29000.0,119.0
908,Ocasion,Model 3,2020,29900.0,98.0
909,Ocasion,Model 3,2019,30000.0,79.0
910,Ocasion,Model 3,2020,30000.0,37.0
911,Ocasion,Model 3,2020,30600.0,88.0
912,Ocasion,Model 3,2020,30900.0,38.0
913,Ocasion,Model 3,2020,31100.0,61.0
914,Ocasion,Model 3,2019,31300.0,58.0
915,Ocasion,Model 3,2020,32200.0,64.0
916,Ocasion,Model 3,2021,33800.0,47.0
917,Ocasion,Model 3,2021,36300.0,36.0
918,Ocasion,Model 3,2021,31400.0,79.0
919,Ocasion,Model 3,2020,32900.0,40.0
920,Ocasion,Model 3,2021,34200.0,59.0
921,Ocasion,Model 3,2022,38200.0,25.0
922,Ocasion,Model X,2020,49000.0,122.0
923,Ocasion,Model X,2020,52500.0,92.0
924,Ocasion,Model X,2019,53300.0,116.0
925,Ocasion,Model X,2021,61900.0,31.0
926,Ocasion,Model X,2019,47000.0,110.0
927,Ocasion,Model X,2019,48900.0,86.0
928,Ocasion,Model X,2020,62600.0,54.0
929,Ocasion,Model Y,2023,36500.0,41.0
930,Ocasion,Model Y,2022,45000.0,70.0
931,Ocasion,Model Y,2023,47900.0,19.0
932,Ocasion,Model Y,2022,44000.0,92.0
933,Ocasion,Model Y,2023,44700.0,82.0
934,Ocasion,Model Y,2022,44800.0,17.0
935,Ocasion,Model Y,2022,46500.0,50.0
936,Ocasion,Model Y,2022,43000.0,48.0
937,Ocasion,Model Y,2023,47000.0,48.0
938,Ocasion,Model Y,2024,55700.0,9.0
939,segunda_mano,Model 3,2020,27490.0,127.0
940,segunda_mano,Model Y,2023,39900.0,46.0
941,segunda_mano,Model 3,2021,31990.0,110.0
942,segunda_mano,Model 3,2020,26900.0,95.0
943,segunda_mano,Model Y,2023,41900.0,12.0
944,segunda_mano,Model X,2018,43700.0,98.0
945,segunda_mano,Model 3,2020,32890.0,65.0
946,segunda_mano,Model 3,2021,32975.0,69.0
947,segunda_mano,Model 3,2019,30490.0,71.0
948,segunda_mano,Model 3,2020,32890.0,65.0
949,segunda_mano,Model 3,2021,32490.0,60.0
950,segunda_mano,Model 3,2020,30900.0,64.0
951,segunda_mano,Model X,2020,41990.0,180.0
952,segunda_mano,Model 3,2021,28900.0,115.0
953,segunda_mano,Model X,2021,49900.0,79.0
954,segunda_mano,Model 3,2019,19990.0,139.0
955,segunda_mano,Model 3,2021,29890.0,68.0
956,segunda_mano,Model 3,2023,33000.0,23.0
957,segunda_mano,Model X,2020,49900.0,38.0
958,segunda_mano,Model X,2019,50000.0,120.0
959,segunda_mano,Model 3,2024,41500.0,2490.0
960,segunda_mano,Model 3,2019,24490.0,160.0
961,segunda_mano,Model 3,2019,25990.0,147.0
962,segunda_mano,Model 3,2022,28700.0,90.0
963,segunda_mano,Model 3,2019,21199.0,143.0
964,segunda_mano,Model 3,2021,27800.0,98.0
965,segunda_mano,Model X,2017,31900.0,200.0
966,segunda_mano,Model 3,2019,28990.0,127.0
967,segunda_mano,Model S,2019,29900.0,138.0
968,segunda_mano,Model 3,2024,49900.0,11.0
969,segunda_mano,Model 3,2021,30900.0,135.0
970,segunda_mano,Model S,2019,46500.0,37.0
971,segunda_mano,Model 3,2022,29990.0,60.0
972,segunda_mano,Model S,2020,40500.0,97.0
973,segunda_mano,Model 3,2019,29990.0,58.0
974,segunda_mano,Model 3,2019,23990.0,190.0
975,segunda_mano,Model Y,2022,31400.0,72.0
976,segunda_mano,Model 3,2023,36400.0,37.0
977,segunda_mano,Model 3,2019,22900.0,133.0
978,segunda_mano,Model 3,2019,26490.0,81.0
979,segunda_mano,Model Y,2022,35250.0,36.0
980,segunda_mano,Model 3,2021,33990.0,40.0
981,segunda_mano,Model S,2018,34610.0,96.0
982,segunda_mano,Model 3,2022,33850.0,48.0
983,segunda_mano,Model 3,2021,32980.0,44.0
984,segunda_mano,Model 3,2019,24990.0,164.0
985,segunda_mano,Model S,2017,24900.0,184.0
986,segunda_mano,Model S,2019,45900.0,49.0
987,segunda_mano,Model 3,2019,26490.0,81.0
988,segunda_mano,Model S,2018,24750.0,110.0
989,segunda_mano,Model 3,2020,21500.0,129.0
990,segunda_mano,Model 3,2020,22995.0,125.0
991,segunda_mano,Model 3,2020,30000.0,68.0
992,segunda_mano,Model 3,2023,33000.0,79.0
993,segunda_mano,Model 3,2019,28990.0,39.0
994,segunda_mano,Model Y,2022,41900.0,51.0
995,segunda_mano,Model S,2019,42890.0,89.0
996,segunda_mano,Model 3,2021,29990.0,116.0
997,segunda_mano,Model X,2020,54900.0,93.0
998,segunda_mano,Model S,2020,65000.0,84.0
999,segunda_mano,Model 3,2019,20000.0,120.0
1000,segunda_mano,Model 3,2021,37490.0,58.0
1001,segunda_mano,Model 3,2021,29999.0,70.0
1002,segunda_mano,Model X,2018,42900.0,165.0
1003,segunda_mano,Model X,2017,37500.0,130.0
1004,segunda_mano,Model 3,2021,39900.0,160.0
1005,segunda_mano,Model 3,2022,27950.0,54.0
1006,segunda_mano,Model 3,2020,27400.0,61.0
1007,segunda_mano,Model X,2018,57995.0,119.0
1008,segunda_mano,Model 3,2022,33850.0,48.0
1009,segunda_mano,Model 3,2019,22999.0,114.0
1010,segunda_mano,Model 3,2020,26990.0,97.0
1011,segunda_mano,Model 3,2020,37890.0,74.0
1012,segunda_mano,Model Y,2024,46990.0,7925.0
1013,segunda_mano,Model S,2014,22990.0,148.0
1014,segunda_mano,Model 3,2021,31990.0,123.0
1015,segunda_mano,Model 3,2023,29560.0,61.0
1016,segunda_mano,Model S,2020,56990.0,66.0
1017,segunda_mano,Model S,2018,30995.0,61.0
1018,segunda_mano,Model 3,2019,24900.0,128.0
1019,segunda_mano,Model 3,2020,28500.0,67.0
1020,segunda_mano,Model 3,2022,33998.0,57.0
1021,segunda_mano,Model 3,2021,33999.0,8000.0
1022,segunda_mano,Model S,2020,33900.0,142.0
1023,segunda_mano,Model 3,2019,29990.0,64.0
1024,segunda_mano,Model Y,2022,34990.0,28.0
1025,segunda_mano,Model S,2017,45000.0,49.0
1026,segunda_mano,Model 3,2021,31890.0,98.0
1027,segunda_mano,Model 3,2019,23000.0,92.0
1028,segunda_mano,Model 3,2019,24990.0,164.0
1029,segunda_mano,Model S,2020,49990.0,94.0
1030,segunda_mano,Model 3,2019,26900.0,80.0
1031,segunda_mano,Model S,2017,27500.0,211.0
1032,segunda_mano,Model 3,2021,30300.0,83.0
1033,segunda_mano,Model 3,2020,27490.0,27.0
1034,segunda_mano,Model 3,2021,34900.0,68.0
1035,segunda_mano,Model 3,2022,29990.0,60.0
1036,segunda_mano,Model 3,2023,32900.0,29.0
1037,segunda_mano,Model 3,2019,24000.0,137.0
1038,segunda_mano,Model Y,2024,47990.0,7000.0
1039,segunda_mano,Model 3,2019,32490.0,23.0
1040,segunda_mano,Model 3,2021,27850.0,54.0
1041,segunda_mano,Model S,2020,55900.0,76.0
1042,segunda_mano,Model X,2019,42999.0,110.0
1043,segunda_mano,Model S,2020,50950.0,59.0
1044,segunda_mano,Model 3,2019,20900.0,106.0
1045,segunda_mano,Model 3,2019,27990.0,53.0
1046,segunda_mano,Model 3,2021,28475.0,72.0
1047,segunda_mano,Model 3,2020,27990.0,45.0
1048,segunda_mano,Model 3,2019,29990.0,165.0
1049,segunda_mano,Model Y,2022,44490.0,42.0
1050,segunda_mano,Model Y,2022,39500.0,65.0
1051,segunda_mano,Model S,2017,27995.0,114.0
1052,segunda_mano,Model 3,2021,26900.0,88.0
1053,segunda_mano,Model 3,2020,27490.0,27.0
1054,segunda_mano,Model S,2017,23000.0,207.0
1055,segunda_mano,Model S,2017,19900.0,195.0
1056,segunda_mano,Model S,2016,24990.0,155.0
1057,segunda_mano,Model X,2017,41000.0,35.0
1058,segunda_mano,Model X,2018,56890.0,43.0
1059,segunda_mano,Model S,2017,45990.0,49.0
1060,segunda_mano,Model 3,2022,27499.0,107.0
1061,segunda_mano,Model S,2020,48990.0,38.0
1062,segunda_mano,Model 3,2022,31820.0,30.0
1063,segunda_mano,Model 3,2022,41500.0,29.0
1064,segunda_mano,Model S,2018,32390.0,76.0
1065,segunda_mano,Model 3,2021,35500.0,65.0
1066,segunda_mano,Model 3,2019,28900.0,90.0
1067,segunda_mano,Model X,2018,46000.0,65.0
1068,segunda_mano,Model 3,2021,31890.0,98.0
1069,segunda_mano,Model X,2019,34990.0,119.0
1070,segunda_mano,Model S,2017,37000.0,61.0
1071,segunda_mano,Model 3,2021,32980.0,63.0
1072,segunda_mano,Model S,2020,34500.0,55.0
1073,segunda_mano,Model 3,2023,42000.0,31.0
1074,segunda_mano,Model Y,2024,36500.0,10.0
1075,segunda_mano,Model X,2020,58590.0,34.0
1076,segunda_mano,Model S,2017,25999.0,260.0
1077,segunda_mano,Model 3,2019,29990.0,90.0
1078,segunda_mano,Model S,2018,44900.0,107.0
1079,segunda_mano,Model 3,2020,24850.0,128.0
1080,segunda_mano,Model 3,2022,31820.0,30.0
1081,segunda_mano,Model X,2019,47500.0,117.0
1082,segunda_mano,Model S,2018,40000.0,103.0
1083,segunda_mano,Model 3,2019,23990.0,190.0
1084,segunda_mano,Model 3,2022,31500.0,49.0
1085,segunda_mano,Model 3,2019,21999.0,104.0
1086,segunda_mano,Model X,2021,54900.0,58.0
1087,segunda_mano,Model 3,2020,31800.0,124.0
1088,segunda_mano,Model S,2018,22990.0,190.0
1089,segunda_mano,Model S,2015,29900.0,180.0
1090,segunda_mano,Model X,2017,37900.0,74.0
1091,segunda_mano,Model Y,2022,34900.0,69.0
1092,segunda_mano,Model S,2017,34500.0,85.0
1093,segunda_mano,Model 3,2021,34990.0,62.0
1094,segunda_mano,Model Y,2023,33500.0,35.0
1095,segunda_mano,Model 3,2020,28000.0,72.0
1096,segunda_mano,Model Y,2023,45000.0,36.0
1097,segunda_mano,Model 3,2024,44900.0,16.0
1098,segunda_mano,Model X,2018,39990.0,112.0
1099,segunda_mano,Model 3,2019,24500.0,98.0
1100,segunda_mano,Model 3,2022,32000.0,80.0
1101,segunda_mano,Model 3,2020,17900.0,201.0
1102,segunda_mano,Model S,2017,23000.0,180.0
1103,segunda_mano,Model X,2023,85000.0,26.0
1104,segunda_mano,Model S,2015,25990.0,98.0
1105,segunda_mano,Model 3,2021,29900.0,100.0
1106,segunda_mano,Model 3,2022,35500.0,44.0
1107,segunda_mano,Model Y,2023,38900.0,69.0
1108,segunda_mano,Model 3,2019,23900.0,155.0
1109,segunda_mano,Model 3,2019,23900.0,95.0
1110,segunda_mano,Model 3,2020,32000.0,88.0
1111,segunda_mano,Model 3,2021,32450.0,33.0
1112,segunda_mano,Model 3,2020,27990.0,78.0
1113,segunda_mano,Model 3,2019,24900.0,88.0
1114,segunda_mano,Model 3,2022,27850.0,65.0
1115,segunda_mano,Model 3,2020,25900.0,129.0
1116,segunda_mano,Model 3,2024,48900.0,1.0
1117,segunda_mano,Model S,2018,35500.0,148.0
1118,segunda_mano,Model Y,2022,34997.0,27.0
1119,segunda_mano,Model 3,2021,28970.0,87.0
1120,segunda_mano,Model 3,2021,31890.0,98.0
1121,segunda_mano,Model 3,2021,32990.0,32.0
1122,segunda_mano,Model 3,2019,34500.0,109.0
1123,segunda_mano,Model Y,2022,35250.0,36.0
1124,segunda_mano,Model S,2019,42890.0,89.0
1125,segunda_mano,Model 3,2021,29000.0,113.0
1126,segunda_mano,Model 3,2021,39900.0,59.0
1127,segunda_mano,Model 3,2023,39990.0,14.0
1128,segunda_mano,Model X,2017,34995.0,188.0
1129,segunda_mano,Model 3,2023,37990.0,12.0
1130,segunda_mano,Model Y,2023,35250.0,29.0
1131,segunda_mano,Model 3,2019,27700.0,84.0
1132,segunda_mano,Model S,2020,42000.0,58.0
1133,segunda_mano,Model X,2018,34890.0,55.0
1134,segunda_mano,Model S,2020,55900.0,52.0
1135,segunda_mano,Model S,2017,18500.0,380.0
1136,segunda_mano,Model Y,2024,40990.0,11.0
1137,segunda_mano,Model 3,2020,26850.0,77.0
1138,segunda_mano,Model 3,2019,26000.0,148.0
1139,segunda_mano,Model 3,2021,31500.0,49.0
1140,segunda_mano,Model Y,2022,43000.0,60.0
1141,segunda_mano,Model S,2017,27990.0,215.0
1142,segunda_mano,Model 3,2023,37890.0,55.0
1143,segunda_mano,Model S,2018,49990.0,81.0
1144,segunda_mano,Model 3,2020,28890.0,90.0
1145,segunda_mano,Model 3,2022,37900.0,55.0
1146,segunda_mano,Model X,2019,51000.0,80.0
1147,segunda_mano,Model S,2019,22800.0,189.0
1148,segunda_mano,Model 3,2021,33990.0,42.0
1149,segunda_mano,Model 3,2021,34500.0,44.0
1150,segunda_mano,Model 3,2019,25490.0,87.0
1151,segunda_mano,Model 3,2019,28990.0,172.0
1152,segunda_mano,Model 3,2021,24700.0,41.0
1153,segunda_mano,Model 3,2020,33000.0,79.0
1154,segunda_mano,Model 3,2020,32999.0,72.0
1155,segunda_mano,Model 3,2021,32900.0,32.0
1156,segunda_mano,Model 3,2022,29900.0,45.0
1157,segunda_mano,Model 3,2022,37990.0,25.0
1158,segunda_mano,Model 3,2020,29900.0,116.0
1159,segunda_mano,Model 3,2022,32750.0,35.0
1160,segunda_mano,Model 3,2019,26490.0,81.0
1161,segunda_mano,Model S,2018,42995.0,69.0
1162,segunda_mano,Model X,2018,35600.0,72.0
1163,segunda_mano,Model 3,2021,28300.0,149.0
1164,segunda_mano,Model 3,2019,26900.0,127.0
1165,segunda_mano,Model 3,2020,29850.0,26.0
1166,segunda_mano,Model S,2019,38900.0,39.0
1167,segunda_mano,Model X,2017,33500.0,207.0
1168,segunda_mano,Model X,2019,54990.0,85.0
1169,segunda_mano,Model X,2018,41990.0,89.0
1170,segunda_mano,Model 3,2021,34990.0,65.0
1171,segunda_mano,Model S,2018,44990.0,98.0
1172,segunda_mano,Model 3,2019,25900.0,123.0
1173,segunda_mano,Model 3,2024,45000.0,3000.0
1174,segunda_mano,Model 3,2021,35800.0,34.0
1175,segunda_mano,Model 3,2020,23950.0,155.0
1176,segunda_mano,Model 3,2021,23500.0,112.0
1177,segunda_mano,Model 3,2024,41500.0,2490.0
1178,segunda_mano,Model S,2018,39900.0,94.0
1179,segunda_mano,Model Y,2022,38900.0,42.0
1180,segunda_mano,Model 3,2024,36500.0,8150.0
1181,segunda_mano,Model 3,2020,24000.0,150.0
1182,segunda_mano,Model 3,2019,25940.0,124.0
1183,segunda_mano,Model Y,2023,14900.0,3200.0
1184,segunda_mano,Model S,2019,47900.0,60.0
1185,segunda_mano,Model 3,2022,29800.0,40.0
1186,segunda_mano,Model X,2018,49995.0,88.0
1187,segunda_mano,Model 3,2020,21950.0,218.0
1188,segunda_mano,Model 3,2020,24850.0,128.0
1189,segunda_mano,Model 3,2021,33890.0,54.0
1190,segunda_mano,Model S,2017,59900.0,56.0
1191,segunda_mano,Model 3,2020,23500.0,196.0
1192,segunda_mano,Model 3,2019,29990.0,78.0
1193,segunda_mano,Model X,2017,49900.0,133.0
1194,segunda_mano,Model Y,2021,32650.0,96.0
1195,segunda_mano,Model 3,2019,22999.0,162.0
1196,segunda_mano,Model X,2017,33990.0,99.0
1197,segunda_mano,Model 3,2019,27900.0,125.0
1198,segunda_mano,Model S,2019,46500.0,37.0
1199,segunda_mano,Model 3,2024,34000.0,8000.0
1200,segunda_mano,Model 3,2019,20990.0,189.0
1201,segunda_mano,Model 3,2021,31900.0,69.0
1202,segunda_mano,Model 3,2019,24990.0,116.0
1203,segunda_mano,Model 3,2022,31900.0,65.0
1204,segunda_mano,Model S,2017,31500.0,182.0
1205,segunda_mano,Model S,2018,32500.0,114.0
1206,segunda_mano,Model 3,2019,25500.0,114.0
1207,segunda_mano,Model X,2018,36000.0,47.0
1208,segunda_mano,Model 3,2019,27000.0,127.0
1209,segunda_mano,Model 3,2020,32890.0,65.0
1210,segunda_mano,Model X,2017,35000.0,82.0
1211,segunda_mano,Model 3,2021,29000.0,100.0
1212,segunda_mano,Model 3,2022,30500.0,54.0
1213,segunda_mano,Model Y,2024,50900.0,5000.0
1214,segunda_mano,Model 3,2023,40990.0,29.0
1215,segunda_mano,Model 3,2020,23950.0,143.0
1216,segunda_mano,Model 3,2019,27500.0,39.0
1217,segunda_mano,Model 3,2022,27850.0,65.0
1218,segunda_mano,Model 3,2020,25990.0,86.0
1219,segunda_mano,Model 3,2022,28995.0,56.0
1220,segunda_mano,Model 3,2021,26900.0,150.0
1221,segunda_mano,Model 3,2020,32500.0,14.0
1222,segunda_mano,Model X,2018,41790.0,97.0
1223,segunda_mano,Model X,2023,84900.0,10.0
1224,segunda_mano,Model S,2016,32490.0,68.0
1225,segunda_mano,Model X,2018,38995.0,30.0
1226,segunda_mano,Model 3,2021,34500.0,44.0
1227,segunda_mano,Model 3,2020,31800.0,124.0
1228,segunda_mano,Model 3,2019,25990.0,153.0
1229,segunda_mano,Model X,2017,44900.0,129.0
1230,segunda_mano,Model 3,2020,25450.0,113.0
1231,segunda_mano,Model Y,2022,46000.0,33.0
1232,segunda_mano,Model 3,2021,35500.0,63.0
1233,segunda_mano,Model X,2019,57900.0,54.0
1234,segunda_mano,Model 3,2021,32990.0,74.0
1235,segunda_mano,Model Y,2022,41900.0,38.0
1236,segunda_mano,Model S,2014,21990.0,233.0
1237,segunda_mano,Model 3,2019,20000.0,200.0
1238,segunda_mano,Model 3,2021,27650.0,19.0
1239,segunda_mano,Model Y,2022,59900.0,10.0
1240,segunda_mano,Model 3,2019,33490.0,23.0
1241,segunda_mano,Model 3,2023,37890.0,55.0
1242,segunda_mano,Model 3,2022,30990.0,39.0
1243,segunda_mano,Model 3,2020,26850.0,77.0
1244,segunda_mano,Model 3,2020,28490.0,47.0
1245,segunda_mano,Model 3,2021,35500.0,46.0
1246,segunda_mano,Model 3,2023,34500.0,16.0
1247,segunda_mano,Model 3,2019,23990.0,190.0
1248,segunda_mano,Model Y,2023,42900.0,45.0
1249,segunda_mano,Model X,2017,44990.0,139.0
1250,segunda_mano,Model X,2019,58498.0,68.0
1251,segunda_mano,Model 3,2020,23999.0,99.0
1252,segunda_mano,Model S,2019,32990.0,162.0
1253,segunda_mano,Model 3,2021,35900.0,55.0
1254,segunda_mano,Model 3,2024,41500.0,2490.0
1255,segunda_mano,Model S,2017,25000.0,258.0
1256,segunda_mano,Model 3,2022,27950.0,53.0
1257,segunda_mano,Model Y,2024,46990.0,7925.0
1258,segunda_mano,Model Y,2023,36600.0,19.0
1259,segunda_mano,Model S,2024,49900.0,122.0
1260,segunda_mano,Model X,2017,34990.0,114.0
1261,segunda_mano,Model S,2018,26900.0,149.0
1262,segunda_mano,Model S,2017,33900.0,188.0
1263,segunda_mano,Model Y,2024,40990.0,11.0
1264,segunda_mano,Model S,2019,38890.0,89.0
1265,segunda_mano,Model Y,2024,36500.0,10.0
1266,segunda_mano,Model 3,2022,33500.0,31.0
1267,segunda_mano,Model 3,2020,25750.0,125.0
1268,segunda_mano,Model S,2016,32490.0,68.0
1269,segunda_mano,Model 3,2023,37990.0,12.0
1270,segunda_mano,Model 3,2023,39999.0,9500.0
1271,segunda_mano,Model 3,2024,41500.0,2490.0
1272,segunda_mano,Model S,2017,26995.0,70.0
1273,segunda_mano,Model 3,2019,25975.0,115.0
1274,segunda_mano,Model 3,2022,28995.0,56.0
1275,segunda_mano,Model S,2019,33490.0,50.0
1276,segunda_mano,Model X,2019,38000.0,175.0
1277,segunda_mano,Model 3,2022,29000.0,137.0
1278,segunda_mano,Model Y,2023,39000.0,25.0
1279,segunda_mano,Model 3,2022,31900.0,65.0
1280,segunda_mano,Model 3,2022,36500.0,45.0
1281,segunda_mano,Model X,2018,56890.0,43.0
1282,segunda_mano,Model S,2019,39900.0,114.0
1283,segunda_mano,Model 3,2020,26490.0,49.0
1284,segunda_mano,Model X,2019,37500.0,79.0
1285,segunda_mano,Model X,2021,79990.0,18.0
1286,segunda_mano,Model S,2019,46500.0,37.0
1287,segunda_mano,Model 3,2020,36900.0,33.0
1288,segunda_mano,Model 3,2021,39900.0,65.0
1289,segunda_mano,Model 3,2020,29900.0,65.0
1290,segunda_mano,Model Y,2023,39990.0,38.0
1291,segunda_mano,Model Y,2024,33999.0,30.0
1292,segunda_mano,Model 3,2021,32450.0,33.0
1293,segunda_mano,Model 3,2019,22000.0,141.0
1294,segunda_mano,Model 3,2020,28999.0,70.0
1295,segunda_mano,Model 3,2021,29500.0,80.0
1296,segunda_mano,Model 3,2020,26990.0,138.0
1297,segunda_mano,Model S,2018,34610.0,96.0
1298,segunda_mano,Model Y,2024,47000.0,3500.0
1299,segunda_mano,Model 3,2020,27990.0,97.0
1300,segunda_mano,Model S,2018,29900.0,192.0
1301,segunda_mano,Model 3,2023,34100.0,18.0
1302,segunda_mano,Model 3,2021,32980.0,44.0
1303,segunda_mano,Model 3,2019,29900.0,61.0
1304,segunda_mano,Model 3,2019,24990.0,180.0
1305,segunda_mano,Model Y,2022,38900.0,47.0
1306,segunda_mano,Model 3,2023,32500.0,15.0
1307,segunda_mano,Model 3,2021,32490.0,36.0
1308,segunda_mano,Model X,2017,39990.0,50.0
1309,segunda_mano,Model 3,2019,29990.0,78.0
1310,segunda_mano,Model 3,2019,19990.0,139.0
1311,segunda_mano,Model 3,2022,30990.0,39.0
1312,segunda_mano,Model X,2017,47900.0,52.0
1313,segunda_mano,Model 3,2020,31800.0,124.0
1314,segunda_mano,Model S,2017,30500.0,117.0
1315,segunda_mano,Model 3,2024,49900.0,35.0
1316,segunda_mano,Model X,2018,35900.0,54.0
1317,segunda_mano,Model 3,2020,25000.0,110.0
1318,segunda_mano,Model 3,2020,32890.0,65.0
1319,segunda_mano,Model 3,2023,31500.0,23.0
1320,segunda_mano,Model Y,2024,36500.0,5500.0
1321,segunda_mano,Model 3,2019,24999.0,110.0
1322,segunda_mano,Model 3,2024,37990.0,421.0
1323,segunda_mano,Model S,2019,32900.0,120.0
1324,segunda_mano,Model 3,2021,34500.0,44.0
1325,segunda_mano,Model 3,2020,29850.0,26.0
1326,segunda_mano,Model 3,2022,29790.0,57.0
1327,segunda_mano,Model S,2016,32490.0,68.0
1328,segunda_mano,Model 3,2021,32450.0,33.0
1329,segunda_mano,Model 3,2020,29900.0,150.0
1330,segunda_mano,Model Y,2022,34990.0,28.0
1331,segunda_mano,Model S,2018,38990.0,143.0
1332,segunda_mano,Model X,2017,60090.0,138.0
1333,segunda_mano,Model 3,2020,27990.0,172.0
1334,segunda_mano,Model X,2019,44800.0,170.0
1335,segunda_mano,Model Y,2024,46990.0,7925.0
1336,segunda_mano,Model S,2020,40500.0,110.0
1337,segunda_mano,Model S,2017,27900.0,196.0
1338,segunda_mano,Model S,2017,29990.0,159.0
1339,segunda_mano,Model X,2020,54900.0,145.0
1340,segunda_mano,Model 3,2020,32890.0,65.0
1341,segunda_mano,Model 3,2022,27950.0,57.0
1342,segunda_mano,Model 3,2020,35990.0,56.0
1343,segunda_mano,Model S,2018,29900.0,110.0
1344,segunda_mano,Model S,2018,27000.0,250.0
1345,segunda_mano,Model 3,2019,24900.0,88.0
1346,segunda_mano,Model S,2014,23900.0,250.0
1347,segunda_mano,Model 3,2021,29700.0,58.0
1348,segunda_mano,Model Y,2023,39600.0,35.0
1349,segunda_mano,Model 3,2021,36300.0,59.0
1350,segunda_mano,Model S,2023,74990.0,29.0
1351,segunda_mano,Model 3,2020,25990.0,166.0
1352,segunda_mano,Model X,2018,32990.0,223.0
1353,segunda_mano,Model X,2020,58590.0,34.0
1354,segunda_mano,Model 3,2019,25990.0,147.0
1355,segunda_mano,Model S,2017,35000.0,220.0
1356,segunda_mano,Model 3,2020,27500.0,120.0
1357,segunda_mano,Model 3,2019,21950.0,204.0
1358,segunda_mano,Model Y,2023,32400.0,159.0
1359,segunda_mano,Model X,2020,59900.0,25.0
1360,segunda_mano,Model 3,2019,21500.0,149.0
1361,segunda_mano,Model 3,2021,32490.0,36.0
1362,segunda_mano,Model S,2018,30900.0,125.0
1363,segunda_mano,Model 3,2022,39900.0,8900.0
1364,segunda_mano,Model 3,2023,32990.0,29.0
1365,segunda_mano,Model X,2018,47500.0,83.0
1366,segunda_mano,Model 3,2022,35000.0,60.0
1367,segunda_mano,Model S,2017,36490.0,97.0
1368,segunda_mano,Model 3,2020,24860.0,28.0
1369,segunda_mano,Model X,2019,37999.0,93.0
1370,segunda_mano,Model 3,2022,30990.0,39.0
1371,segunda_mano,Model S,2019,36999.0,116.0
1372,segunda_mano,Model 3,2020,26890.0,38.0
1373,segunda_mano,Model 3,2021,34990.0,30.0
1374,segunda_mano,Model S,2019,42890.0,89.0
1375,segunda_mano,Model 3,2021,35000.0,65.0
1376,segunda_mano,Model 3,2023,30990.0,45.0
1377,segunda_mano,Model X,2019,55990.0,85.0
1378,segunda_mano,Model S,2017,26475.0,109.0
1379,segunda_mano,Model 3,2020,25490.0,179.0
1380,segunda_mano,Model Y,2023,49995.0,25.0
1381,segunda_mano,Model 3,2023,30990.0,45.0
1382,segunda_mano,Model 3,2020,20999.0,83.0
1383,segunda_mano,Model 3,2019,23500.0,119.0
1384,segunda_mano,Model S,2018,39995.0,134.0
1385,segunda_mano,Model 3,2019,20990.0,115.0
1386,segunda_mano,Model 3,2019,20990.0,115.0
1387,segunda_mano,Model 3,2019,23500.0,76.0
1388,segunda_mano,Model X,2023,89900.0,10.0
1389,segunda_mano,Model 3,2020,28990.0,80.0
1390,segunda_mano,Model S,2017,19999.0,540.0
1391,segunda_mano,Model 3,2020,22700.0,160.0
1392,segunda_mano,Model 3,2019,27900.0,119.0
1393,segunda_mano,Model 3,2020,29850.0,27.0
1394,segunda_mano,Model 3,2024,34000.0,1800.0
1395,segunda_mano,Model 3,2023,34900.0,26.0
1396,segunda_mano,Model 3,2019,20490.0,129.0
1397,segunda_mano,Model 3,2021,40900.0,37.0
1398,segunda_mano,Model 3,2021,28115.0,69.0
1399,segunda_mano,Model 3,2021,30950.0,51.0
1400,segunda_mano,Model 3,2021,35000.0,65.0
1401,segunda_mano,Model Y,2023,39990.0,85.0
1402,segunda_mano,Model Y,2023,37900.0,43.0
1403,segunda_mano,Model X,2017,49990.0,70.0
1404,segunda_mano,Model S,2014,25990.0,139.0
1405,segunda_mano,Model 3,2019,25999.0,70.0
1406,segunda_mano,Model Y,2023,47000.0,25.0
1407,segunda_mano,Model S,2018,34610.0,96.0
1408,segunda_mano,Model S,2017,24000.0,136.0
1409,segunda_mano,Model 3,2020,22490.0,90.0
1410,segunda_mano,Model X,2018,43990.0,84.0
1411,segunda_mano,Model Y,2023,33500.0,45.0
1412,segunda_mano,Model 3,2019,19990.0,119.0
1413,segunda_mano,Model 3,2022,35200.0,39.0
1414,segunda_mano,Model 3,2024,33500.0,35.0
1415,segunda_mano,Model 3,2019,24999.0,71.0
1416,segunda_mano,Model Y,2024,40000.0,140.0
1417,segunda_mano,Model 3,2020,37890.0,74.0
1418,segunda_mano,Model X,2017,38500.0,130.0
1419,segunda_mano,Model S,2018,41995.0,60.0
1420,segunda_mano,Model S,2017,24990.0,350.0
1421,segunda_mano,Model 3,2023,28500.0,27.0
1422,segunda_mano,Model 3,2020,29450.0,62.0
1423,segunda_mano,Model 3,2021,26900.0,97.0
1424,segunda_mano,Model 3,2022,27950.0,57.0
1425,segunda_mano,Model S,2018,28099.0,178.0
1426,segunda_mano,Model 3,2021,29990.0,86.0
1427,segunda_mano,Model S,2019,39890.0,114.0
1428,segunda_mano,Model 3,2023,35995.0,10.0
1429,segunda_mano,Model 3,2021,36900.0,53.0
1430,segunda_mano,Model 3,2020,25450.0,113.0
1431,segunda_mano,Model 3,2022,27950.0,53.0
1432,segunda_mano,Model Y,2022,42500.0,60.0
1433,segunda_mano,Model 3,2021,25850.0,93.0
1434,segunda_mano,Model S,2023,84900.0,13.0
1435,segunda_mano,Model Y,2021,35000.0,53.0
1436,segunda_mano,Model X,2020,75000.0,76.0
1437,segunda_mano,Model 3,2020,31900.0,63.0
1438,segunda_mano,Model S,2018,35000.0,123.0
1439,segunda_mano,Model 3,2020,27300.0,73.0
1440,segunda_mano,Model 3,2021,34999.0,8000.0
1441,segunda_mano,Model Y,2023,38900.0,19.0
1442,segunda_mano,Model 3,2022,29790.0,57.0
1443,segunda_mano,Model 3,2020,26490.0,49.0
1444,segunda_mano,Model 3,2021,25850.0,93.0
1445,segunda_mano,Model 3,2023,31950.0,17.0
1446,segunda_mano,Model X,2017,44500.0,199.0
1447,segunda_mano,Model 3,2021,25000.0,92.0
1448,segunda_mano,Model X,2017,31990.0,240.0
1449,segunda_mano,Model Y,2021,36850.0,48.0
1450,segunda_mano,Model S,2017,25000.0,164.0
1451,segunda_mano,Model Y,2021,32650.0,96.0
1452,segunda_mano,Model 3,2019,22900.0,75.0
1453,segunda_mano,Model S,2018,37900.0,79.0
1454,segunda_mano,Model 3,2020,29900.0,65.0
1455,segunda_mano,Model 3,2020,20900.0,168.0
1456,segunda_mano,Model 3,2021,32975.0,69.0
1457,segunda_mano,Model 3,2021,34990.0,30.0
1458,segunda_mano,Model 3,2021,28475.0,72.0
1459,segunda_mano,Model S,2017,26475.0,109.0
1460,segunda_mano,Model X,2017,34990.0,114.0
1461,segunda_mano,Model S,2020,56990.0,66.0
1462,segunda_mano,Model S,2020,48990.0,38.0
1463,segunda_mano,Model X,2018,43990.0,84.0
1464,segunda_mano,Model Y,2024,30470.0,0.0
1465,segunda_mano,Model Y,2024,33999.0,30.0
1466,segunda_mano,Model Y,2023,42900.0,45.0
1467,segunda_mano,Model Y,2023,49995.0,25.0
1468,segunda_mano,Model Y,2022,34990.0,28.0
1469,segunda_mano,Model Y,2023,43800.0,32.0
1470,segunda_mano,Model Y,2023,38900.0,19.0
1471,segunda_mano,Model S,2013,24990.0,442.0
1472,segunda_mano,Model Y,2023,44900.0,40.0
1473,segunda_mano,Model 3,2022,35500.0,44.0
1474,segunda_mano,Model 3,2019,26900.0,80.0
1475,segunda_mano,Model X,2020,53500.0,93.0
1476,segunda_mano,Model S,2018,35500.0,91.0
1477,segunda_mano,Model 3,2020,29450.0,62.0
1478,segunda_mano,Model 3,2020,25750.0,125.0
1479,segunda_mano,Model 3,2020,35990.0,56.0
1480,segunda_mano,Model 3,2020,26990.0,138.0
1481,segunda_mano,Model 3,2019,20990.0,115.0
1482,segunda_mano,Model 3,2019,26900.0,127.0
1483,segunda_mano,Model 3,2022,28995.0,56.0
1484,segunda_mano,Model 3,2020,32999.0,72.0
1485,segunda_mano,Model 3,2019,19990.0,119.0
1486,segunda_mano,Model 3,2024,25970.0,0.0
1487,segunda_mano,Model 3,2022,33998.0,57.0
1488,segunda_mano,Model 3,2019,29990.0,78.0
1489,segunda_mano,Model 3,2019,22000.0,141.0
1490,segunda_mano,Model 3,2019,21999.0,104.0
1491,segunda_mano,Model 3,2021,34990.0,65.0
1492,segunda_mano,Model 3,2021,32990.0,44.0
1493,segunda_mano,Model 3,2020,28999.0,70.0
1494,segunda_mano,Model 3,2022,29790.0,57.0
1495,segunda_mano,Model S,2018,45900.0,41.0
1496,segunda_mano,Model 3,2022,37900.0,55.0
1497,segunda_mano,Model 3,2020,37890.0,74.0
1498,segunda_mano,Model 3,2020,27990.0,45.0
1499,segunda_mano,Model 3,2019,25990.0,147.0
1500,segunda_mano,Model 3,2019,21750.0,98.0
1501,segunda_mano,Model 3,2020,22700.0,160.0
1502,segunda_mano,Model 3,2021,29500.0,80.0
1503,segunda_mano,Model 3,2024,32000.0,26.0
1504,segunda_mano,Model 3,2024,44900.0,16.0
1505,segunda_mano,Model 3,2019,23990.0,190.0
1506,segunda_mano,Model 3,2019,23990.0,190.0
1507,segunda_mano,Model 3,2020,26990.0,97.0
1508,segunda_mano,Model 3,2020,24500.0,130.0
1509,segunda_mano,Model 3,2022,30990.0,39.0
1510,segunda_mano,Model 3,2019,29500.0,135.0
1511,segunda_mano,Model X,2018,39500.0,90.0
1512,segunda_mano,Model 3,2023,37990.0,12.0
1513,segunda_mano,Model 3,2020,36900.0,33.0
1514,segunda_mano,Model 3,2019,23500.0,76.0
1515,segunda_mano,Model 3,2019,25000.0,140.0
1516,segunda_mano,Model 3,2019,28990.0,172.0
1517,segunda_mano,Model 3,2019,19990.0,139.0
1518,segunda_mano,Model 3,2019,20990.0,115.0
1519,segunda_mano,Model 3,2019,19990.0,139.0
1520,segunda_mano,Model 3,2024,29000.0,100.0
1521,segunda_mano,Model 3,2022,35200.0,39.0
1522,segunda_mano,Model 3,2019,24999.0,71.0
1523,segunda_mano,Model 3,2021,26500.0,90.0
1524,segunda_mano,Model 3,2021,33990.0,40.0
1525,segunda_mano,Model S,2017,35990.0,149.0
1526,segunda_mano,Model 3,2023,30990.0,45.0
1527,segunda_mano,Model 3,2020,32890.0,65.0
1528,segunda_mano,Model 3,2020,27490.0,127.0
1529,segunda_mano,Model 3,2022,30990.0,39.0
1530,segunda_mano,Model 3,2019,29990.0,90.0
1531,segunda_mano,Model 3,2022,30990.0,39.0
1532,segunda_mano,Model 3,2020,27990.0,97.0
1533,segunda_mano,Model 3,2020,29850.0,26.0
1534,segunda_mano,Model 3,2019,24990.0,164.0
1535,segunda_mano,Model 3,2021,32900.0,32.0
1536,segunda_mano,Model S,2017,23000.0,180.0
1537,segunda_mano,Model 3,2022,35200.0,39.0
1538,segunda_mano,Model 3,2021,26500.0,90.0
1539,segunda_mano,Model S,2019,39000.0,120.0
1540,segunda_mano,Model 3,2024,37990.0,421.0
1541,segunda_mano,Model 3,2019,33490.0,23.0
1542,segunda_mano,Model 3,2019,29990.0,165.0
1543,segunda_mano,Model 3,2022,35000.0,60.0
1544,segunda_mano,Model 3,2021,32990.0,32.0
1545,segunda_mano,Model 3,2019,25990.0,153.0
1546,segunda_mano,Model 3,2020,27990.0,172.0
1547,segunda_mano,Model 3,2020,25490.0,179.0
1548,segunda_mano,Model 3,2019,23990.0,190.0
1549,segunda_mano,Model 3,2021,32980.0,63.0
1550,segunda_mano,Model 3,2023,37890.0,55.0
1551,segunda_mano,Model 3,2023,37890.0,55.0
1552,segunda_mano,Model S,2018,30900.0,125.0
1553,segunda_mano,Model S,2017,25000.0,164.0
1554,segunda_mano,Model S,2014,18300.0,203.0
1555,segunda_mano,Model 3,2019,22900.0,133.0
1556,segunda_mano,Model 3,2022,29900.0,45.0
1557,segunda_mano,Model 3,2020,25990.0,86.0
1558,segunda_mano,Model X,2020,69900.0,66.0
1559,segunda_mano,Model 3,2020,29850.0,27.0
1560,segunda_mano,Model 3,2020,28490.0,47.0
1561,segunda_mano,Model X,2018,36900.0,96.0
1562,segunda_mano,Model Y,2022,44490.0,42.0
1563,segunda_mano,Model 3,2021,30300.0,83.0
1564,segunda_mano,Model 3,2019,21500.0,149.0
1565,segunda_mano,Model 3,2020,30900.0,64.0
1566,segunda_mano,Model 3,2020,27400.0,61.0
1567,segunda_mano,Model 3,2022,30990.0,39.0
1568,segunda_mano,Model 3,2019,21000.0,130.0
1569,segunda_mano,Model 3,2019,26000.0,104.0
1570,segunda_mano,Model 3,2021,32990.0,44.0
1571,segunda_mano,Model S,2020,57500.0,70.0
1572,segunda_mano,Model 3,2024,34000.0,1.0
1573,segunda_mano,Model 3,2020,25900.0,129.0
1574,segunda_mano,Model 3,2022,32750.0,35.0
1575,segunda_mano,Model 3,2020,23500.0,196.0
1576,segunda_mano,Model 3,2020,25000.0,149.0
1577,segunda_mano,Model S,2012,46500.0,69.0
1578,segunda_mano,Model 3,2021,28900.0,115.0
1579,segunda_mano,Model 3,2019,24490.0,160.0
1580,segunda_mano,Model 3,2024,45000.0,3.0
1581,segunda_mano,Model 3,2021,32990.0,74.0
1582,segunda_mano,Model 3,2022,29990.0,60.0
1583,segunda_mano,Model 3,2024,50.0,50.0
1584,segunda_mano,Model 3,2019,28990.0,127.0
1585,segunda_mano,Model S,2017,23999.0,199.0
1586,segunda_mano,Model Y,2022,34990.0,28.0
1587,segunda_mano,Model S,2017,31500.0,182.0
1588,segunda_mano,Model 3,2022,29000.0,137.0
1589,segunda_mano,Model 3,2022,32000.0,60.0
1590,segunda_mano,Model Y,2024,40990.0,11.0
1591,segunda_mano,Model Y,2024,40990.0,11.0
1592,segunda_mano,Model S,2019,38900.0,39.0
1593,segunda_mano,Model 3,2024,28000.0,200.0
1594,segunda_mano,Model 3,2020,23999.0,99.0
1595,segunda_mano,Model 3,2022,28995.0,56.0
1596,segunda_mano,Model 3,2022,26000.0,23.0
1597,segunda_mano,Model 3,2022,23990.0,147.0
1598,segunda_mano,Model S,2014,23000.0,230.0
1599,segunda_mano,Model 3,2021,32490.0,60.0
1600,segunda_mano,Model 3,2022,31900.0,65.0
1601,segunda_mano,Model 3,2022,29800.0,40.0
1602,segunda_mano,Model 3,2021,33999.0,8.0
1603,segunda_mano,Model 3,2022,31820.0,30.0
1604,segunda_mano,Model 3,2021,34990.0,62.0
1605,segunda_mano,Model 3,2020,17900.0,201.0
1606,segunda_mano,Model 3,2020,24850.0,128.0
1607,segunda_mano,Model 3,2019,26490.0,81.0
1608,segunda_mano,Model 3,2020,24850.0,128.0
1609,segunda_mano,Model 3,2020,26850.0,77.0
1610,segunda_mano,Model 3,2020,29850.0,26.0
1611,segunda_mano,Model 3,2019,31000.0,147.0
1612,segunda_mano,Model 3,2021,40900.0,37.0
1613,segunda_mano,Model 3,2020,26850.0,77.0
1614,segunda_mano,Model X,2020,58590.0,34.0
1615,segunda_mano,Model 3,2020,21500.0,129.0
1616,segunda_mano,Model X,2020,58590.0,34.0
1617,segunda_mano,Model 3,2023,36400.0,37.0
1618,segunda_mano,Model 3,2020,20999.0,83.0
1619,segunda_mano,Model X,2018,42000.0,64.0
1620,segunda_mano,Model S,2017,68900.0,50.0
1621,segunda_mano,Model 3,2020,22490.0,90.0
1622,segunda_mano,Model 3,2022,31900.0,65.0
1623,segunda_mano,Model 3,2021,26900.0,97.0
1624,segunda_mano,Model 3,2021,32490.0,36.0
1625,segunda_mano,Model 3,2020,32890.0,65.0
1626,segunda_mano,Model S,2018,40000.0,180.0
1627,segunda_mano,Model 3,2020,27490.0,27.0
1628,segunda_mano,Model 3,2019,23900.0,155.0
1629,segunda_mano,Model Y,2021,32650.0,96.0
1630,segunda_mano,Model 3,2023,37990.0,12.0
1631,segunda_mano,Model Y,2022,38900.0,42.0
1632,segunda_mano,Model 3,2019,25975.0,115.0
1633,segunda_mano,Model S,2015,29900.0,180.0
1634,segunda_mano,Model 3,2019,24990.0,180.0
1635,segunda_mano,Model S,2017,33900.0,188.0
1636,segunda_mano,Model 3,2021,30950.0,51.0
1637,segunda_mano,Model 3,2022,34000.0,66.0
1638,segunda_mano,Model 3,2019,24900.0,128.0
1639,segunda_mano,Model 3,2019,25490.0,87.0
1640,segunda_mano,Model 3,2022,30870.0,40.0
1641,segunda_mano,Model 3,2021,31990.0,123.0
1642,segunda_mano,Model 3,2021,31900.0,69.0
1643,segunda_mano,Model 3,2020,23950.0,155.0
1644,segunda_mano,Model 3,2020,26490.0,49.0
1645,segunda_mano,Model 3,2023,31700.0,10.0
1646,segunda_mano,Model 3,2020,21190.0,128.0
1647,segunda_mano,Model 3,2022,33500.0,31.0
1648,segunda_mano,Model 3,2022,31500.0,49.0
1649,segunda_mano,Model 3,2019,22900.0,75.0
1650,segunda_mano,Model 3,2021,36300.0,59.0
1651,segunda_mano,Model 3,2019,21199.0,143.0
1652,segunda_mano,Model 3,2021,35500.0,46.0
1653,segunda_mano,Model 3,2022,27950.0,54.0
1654,segunda_mano,Model 3,2023,30990.0,45.0
1655,segunda_mano,Model 3,2021,33990.0,42.0
1656,segunda_mano,Model 3,2023,28500.0,27.0
1657,segunda_mano,Model X,2019,54990.0,85.0
1658,segunda_mano,Model X,2018,41790.0,97.0
1659,segunda_mano,Model S,2017,27995.0,114.0
1660,segunda_mano,Model 3,2023,40990.0,29.0
1661,segunda_mano,Model X,2017,37900.0,74.0
1662,segunda_mano,Model X,2017,33500.0,207.0
1663,segunda_mano,Model S,2014,25990.0,139.0
1664,segunda_mano,Model X,2018,43700.0,98.0
1665,segunda_mano,Model X,2018,34890.0,55.0
1666,segunda_mano,Model X,2018,56890.0,43.0
1667,segunda_mano,Model X,2018,56890.0,43.0
1668,segunda_mano,Model S,2017,36490.0,97.0
1669,segunda_mano,Model S,2018,34610.0,96.0
1670,segunda_mano,Model S,2020,49990.0,94.0
1671,segunda_mano,Model S,2019,45900.0,49.0
1672,segunda_mano,Model S,2020,55900.0,52.0
1673,segunda_mano,Model S,2020,65000.0,84.0
1674,segunda_mano,Model 3,2020,26990.0,166.0
1675,segunda_mano,Model 3,2022,31820.0,30.0
1676,segunda_mano,Model X,2020,54900.0,93.0
1677,segunda_mano,Model S,2019,36999.0,116.0
1678,segunda_mano,Model S,2014,25490.0,120.0
1679,segunda_mano,Model S,2015,25990.0,98.0
1680,segunda_mano,Model S,2018,38990.0,143.0
1681,segunda_mano,Model 3,2021,28970.0,87.0
1682,segunda_mano,Model 3,2019,26490.0,81.0
1683,segunda_mano,Model 3,2021,35800.0,34.0
1684,segunda_mano,Model S,2019,32990.0,162.0
1685,segunda_mano,Model S,2020,40500.0,97.0
1686,segunda_mano,Model S,2019,42890.0,89.0
1687,segunda_mano,Model 3,2019,25999.0,70.0
1688,segunda_mano,Model S,2017,59900.0,56.0
1689,segunda_mano,Model 3,2022,29790.0,57.0
1690,segunda_mano,Model S,2019,45990.0,78.0
1691,segunda_mano,Model S,2017,45990.0,49.0
1692,segunda_mano,Model X,2018,41990.0,89.0
1693,segunda_mano,Model 3,2020,37890.0,74.0
1694,segunda_mano,Model S,2017,29990.0,159.0
1695,segunda_mano,Model S,2014,21990.0,233.0
1696,segunda_mano,Model 3,2019,23000.0,92.0
1697,segunda_mano,Model S,2018,26900.0,149.0
1698,segunda_mano,Model 3,2021,34900.0,68.0
1699,segunda_mano,Model 3,2020,27300.0,73.0
1700,segunda_mano,Model X,2021,54900.0,58.0
1701,segunda_mano,Model S,2018,34610.0,96.0
1702,segunda_mano,Model 3,2020,26490.0,49.0
1703,segunda_mano,Model 3,2021,29000.0,100.0
1704,segunda_mano,Model 3,2021,34500.0,44.0
1705,segunda_mano,Model 3,2020,21500.0,128.0
1706,segunda_mano,Model 3,2019,20490.0,129.0
1707,segunda_mano,Model Y,2023,49995.0,25.0
1708,segunda_mano,Model X,2017,39990.0,50.0
1709,segunda_mano,Model X,2017,44990.0,139.0
1710,segunda_mano,Model S,2016,24000.0,201.0
1711,segunda_mano,Model 3,2022,33850.0,48.0
1712,segunda_mano,Model 3,2022,33850.0,48.0
1713,segunda_mano,Model Y,2024,36500.0,10.0
1714,segunda_mano,Model 3,2020,25000.0,110.0
1715,segunda_mano,Model S,2017,24900.0,184.0
1716,segunda_mano,Model S,2018,29900.0,110.0
1717,segunda_mano,Model 3,2019,23950.0,119.0
1718,segunda_mano,Model 3,2019,24990.0,116.0
1719,segunda_mano,Model 3,2020,32890.0,65.0
1720,segunda_mano,Model S,2017,26995.0,70.0
1721,segunda_mano,Model 3,2020,26890.0,38.0
1722,segunda_mano,Model 3,2023,31950.0,17.0
1723,segunda_mano,Model S,2018,30995.0,61.0
1724,segunda_mano,Model 3,2019,23990.0,97.0
1725,segunda_mano,Model Y,2024,36500.0,10.0
1726,segunda_mano,Model Y,2024,46990.0,7.0
1727,segunda_mano,Model Y,2022,41900.0,51.0
1728,segunda_mano,Model S,2020,50950.0,59.0
1729,segunda_mano,Model 3,2023,32990.0,29.0
1730,segunda_mano,Model S,2019,32900.0,120.0
1731,segunda_mano,Model 3,2019,27500.0,39.0
1732,segunda_mano,Model S,2018,28900.0,179.0
1733,segunda_mano,Model 3,2019,27000.0,127.0
1734,segunda_mano,Model 3,2019,22999.0,162.0
1735,segunda_mano,Model S,2018,32500.0,114.0
1736,segunda_mano,Model S,2018,39900.0,94.0
1737,segunda_mano,Model Y,2024,46990.0,7.0
1738,segunda_mano,Model S,2018,44900.0,107.0
1739,segunda_mano,Model S,2020,55900.0,76.0
1740,segunda_mano,Model 3,2022,27950.0,53.0
1741,segunda_mano,Model 3,2022,27950.0,53.0
1742,segunda_mano,Model Y,2024,46990.0,7.0
1743,segunda_mano,Model 3,2020,24860.0,28.0
1744,segunda_mano,Model 3,2019,20000.0,120.0
1745,segunda_mano,Model 3,2021,32980.0,63.0
1746,segunda_mano,Model S,2017,45000.0,49.0
1747,segunda_mano,Model X,2017,49990.0,70.0
1748,segunda_mano,Model 3,2020,28990.0,80.0
1749,segunda_mano,Model 3,2019,29990.0,58.0
1750,segunda_mano,Model S,2023,84900.0,13.0
1751,segunda_mano,Model X,2018,38995.0,30.0
1752,segunda_mano,Model 3,2024,35770.0,0.0
1753,segunda_mano,Model 3,2021,26900.0,45.0
1754,segunda_mano,Model 3,2020,23950.0,143.0
1755,segunda_mano,Model 3,2020,27990.0,78.0
1756,segunda_mano,Model X,2017,31990.0,240.0
1757,segunda_mano,Model 3,2022,29990.0,60.0
1758,segunda_mano,Model X,2017,33990.0,99.0
1759,segunda_mano,Model X,2019,37999.0,93.0
1760,segunda_mano,Model 3,2019,25990.0,147.0
1761,segunda_mano,Model 3,2021,25850.0,93.0
1762,segunda_mano,Model 3,2021,25850.0,93.0
1763,segunda_mano,Model 3,2019,28990.0,39.0
1764,segunda_mano,Model 3,2019,24900.0,88.0
1765,segunda_mano,Model X,2019,57900.0,54.0
1766,segunda_mano,Model 3,2021,34500.0,44.0
1767,segunda_mano,Model 3,2021,25000.0,92.0
1768,segunda_mano,Model 3,2021,34500.0,44.0
1769,segunda_mano,Model X,2018,35600.0,72.0
1770,segunda_mano,Model S,2020,39000.0,127.0
1771,segunda_mano,Model 3,2021,39900.0,59.0
1772,segunda_mano,Model 3,2021,39900.0,65.0
1773,segunda_mano,Model 3,2021,26900.0,88.0
1774,segunda_mano,Model 3,2020,29900.0,116.0
1775,segunda_mano,Model 3,2020,31800.0,124.0
1776,segunda_mano,Model 3,2022,37500.0,49.0
1777,segunda_mano,Model 3,2020,31800.0,124.0
1778,segunda_mano,Model 3,2022,27950.0,57.0
1779,segunda_mano,Model 3,2022,27950.0,57.0
1780,segunda_mano,Model 3,2020,31800.0,124.0
1781,segunda_mano,Model S,2020,33900.0,142.0
1782,segunda_mano,Model 3,2022,27850.0,65.0
1783,segunda_mano,Model 3,2022,27850.0,65.0
1784,segunda_mano,Model 3,2020,28500.0,67.0
1785,segunda_mano,Model 3,2023,42000.0,31.0
1786,segunda_mano,Model 3,2019,20000.0,200.0
1787,segunda_mano,Model 3,2021,33890.0,54.0
1788,segunda_mano,Model 3,2023,33000.0,79.0
1789,segunda_mano,Model S,2014,35000.0,220.0
1790,segunda_mano,Model S,2017,43500.0,125.0
1791,segunda_mano,Model 3,2023,29560.0,61.0
1792,segunda_mano,Model 3,2021,27850.0,54.0
1793,segunda_mano,Model 3,2019,27990.0,53.0
1794,segunda_mano,Model Y,2022,44800.0,87.0
1795,segunda_mano,Model 3,2019,25500.0,114.0
1796,segunda_mano,Model 3,2020,25450.0,113.0
1797,segunda_mano,Model 3,2020,25450.0,113.0
1798,segunda_mano,Model X,2017,41000.0,35.0
1799,segunda_mano,Model S,2019,42890.0,89.0
1800,segunda_mano,Model Y,2024,50900.0,5.0
1801,segunda_mano,Model 3,2019,29900.0,61.0
1802,segunda_mano,Model Y,2022,41900.0,38.0
1803,segunda_mano,Model 3,2021,29890.0,68.0
1804,segunda_mano,Model 3,2022,31900.0,65.0
1805,segunda_mano,Model Y,2021,32650.0,96.0
1806,segunda_mano,Model S,2018,28099.0,178.0
1807,segunda_mano,Model X,2020,41990.0,180.0
1808,segunda_mano,Model Y,2021,42000.0,71.0
1809,segunda_mano,Model 3,2021,36900.0,53.0
1810,segunda_mano,Model Y,2022,36200.0,29.0
1811,segunda_mano,Model 3,2020,32890.0,65.0
1812,segunda_mano,Model X,2017,37500.0,130.0
1813,segunda_mano,Model 3,2022,30500.0,54.0
1814,segunda_mano,Model 3,2022,38900.0,19.0
1815,segunda_mano,Model S,2023,74990.0,29.0
1816,segunda_mano,Model 3,2023,29560.0,61.0
1817,segunda_mano,Model 3,2019,20990.0,189.0
1818,segunda_mano,Model 3,2023,35995.0,10.0
1819,segunda_mano,Model Y,2023,39990.0,85.0
1820,segunda_mano,Model 3,2023,34900.0,26.0
1821,segunda_mano,Model 3,2021,35900.0,55.0
1822,segunda_mano,Model 3,2019,32490.0,23.0
1823,segunda_mano,Model 3,2021,24500.0,210.0
1824,segunda_mano,Model 3,2024,36500.0,8.0
1825,segunda_mano,Model 3,2021,31990.0,123.0
1826,segunda_mano,Model 3,2019,24500.0,98.0
1827,segunda_mano,Model 3,2024,34000.0,8.0
1828,segunda_mano,Model X,2020,45500.0,100.0
1829,segunda_mano,Model X,2017,38500.0,130.0
1830,segunda_mano,Model 3,2020,27490.0,27.0
1831,segunda_mano,Model Y,2024,47990.0,7.0
1832,segunda_mano,Model Y,2022,38900.0,47.0
1833,segunda_mano,Model 3,2019,24900.0,88.0
1834,segunda_mano,Model S,2014,23000.0,485.0
1835,segunda_mano,Model 3,2022,36500.0,45.0
1836,segunda_mano,Model S,2014,22990.0,148.0
1837,segunda_mano,Model S,2017,34500.0,85.0
1838,segunda_mano,Model 3,2021,25500.0,240.0
1839,segunda_mano,Model S,2017,19900.0,195.0
1840,segunda_mano,Model 3,2021,27650.0,19.0
1841,segunda_mano,Model Y,2023,39900.0,46.0
1842,segunda_mano,Model 3,2020,28890.0,90.0
1843,segunda_mano,Model 3,2023,32900.0,29.0
1844,segunda_mano,Model X,2016,43000.0,64.0
1845,segunda_mano,Model S,2019,22800.0,189.0
1846,segunda_mano,Model 3,2020,27500.0,120.0
1847,segunda_mano,Model 3,2023,26000.0,20.0
1848,segunda_mano,Model 3,2021,32490.0,36.0
1850,segunda_mano,Model S,2017,18500.0,380.0
1852,segunda_mano,Model S,2019,29900.0,138.0
1854,segunda_mano,Model 3,2021,24700.0,41.0
1855,segunda_mano,Model 3,2021,31500.0,49.0
1856,segunda_mano,Model 3,2019,22900.0,128.0
1858,segunda_mano,Model X,2019,42999.0,110.0
1859,segunda_mano,Model 3,2023,39999.0,9.0
